,日付,始値,高値,安値,終値,出来高,終値調整
0,2016-01-04,661.0,672.0,650.0,650.0,28200.0,650.0
1,2016-01-05,642.0,655.0,637.0,646.0,26900.0,646.0
2,2016-01-06,640.0,649.0,629.0,636.0,43600.0,636.0
3,2016-01-07,637.0,642.0,622.0,627.0,51200.0,627.0
4,2016-01-08,622.0,631.0,620.0,623.0,41000.0,623.0
5,2016-01-12,620.0,629.0,598.0,598.0,93300.0,598.0
6,2016-01-13,607.0,628.0,607.0,619.0,39900.0,619.0
7,2016-01-14,604.0,610.0,590.0,604.0,84800.0,604.0
8,2016-01-15,619.0,619.0,604.0,610.0,32000.0,610.0
9,2016-01-18,591.0,602.0,588.0,596.0,23500.0,596.0
10,2016-01-19,600.0,606.0,588.0,588.0,45300.0,588.0
11,2016-01-20,592.0,598.0,570.0,570.0,67000.0,570.0
12,2016-01-21,559.0,575.0,544.0,545.0,71200.0,545.0
13,2016-01-22,563.0,588.0,553.0,588.0,87900.0,588.0
14,2016-01-25,608.0,608.0,591.0,601.0,51900.0,601.0
15,2016-01-26,608.0,608.0,591.0,592.0,92500.0,592.0
16,2016-01-27,610.0,612.0,592.0,599.0,58900.0,599.0
17,2016-01-28,601.0,604.0,594.0,595.0,57000.0,595.0
18,2016-01-29,603.0,615.0,595.0,611.0,80000.0,611.0
19,2016-02-01,591.0,593.0,580.0,581.0,182300.0,581.0
20,2016-02-02,586.0,600.0,582.0,594.0,114700.0,594.0
21,2016-02-03,590.0,598.0,580.0,590.0,86000.0,590.0
22,2016-02-04,589.0,606.0,584.0,600.0,87700.0,600.0
23,2016-02-05,593.0,597.0,577.0,584.0,72300.0,584.0
24,2016-02-08,579.0,597.0,577.0,593.0,57300.0,593.0
25,2016-02-09,583.0,583.0,566.0,573.0,62600.0,573.0
26,2016-02-10,588.0,590.0,557.0,568.0,106100.0,568.0
27,2016-02-12,548.0,561.0,525.0,527.0,114800.0,527.0
28,2016-02-15,540.0,552.0,540.0,547.0,48900.0,547.0
29,2016-02-16,547.0,551.0,537.0,539.0,69300.0,539.0
30,2016-02-17,530.0,539.0,505.0,507.0,168800.0,507.0
31,2016-02-18,512.0,516.0,506.0,509.0,128000.0,509.0
32,2016-02-19,505.0,505.0,486.0,490.0,220400.0,490.0
33,2016-02-22,490.0,509.0,489.0,504.0,133500.0,504.0
34,2016-02-23,505.0,509.0,501.0,501.0,119000.0,501.0
35,2016-02-24,499.0,503.0,491.0,491.0,91600.0,491.0
36,2016-02-25,499.0,510.0,497.0,509.0,67400.0,509.0
37,2016-02-26,509.0,517.0,508.0,511.0,73800.0,511.0
38,2016-02-29,519.0,519.0,493.0,493.0,105900.0,493.0
39,2016-03-01,494.0,502.0,493.0,498.0,81900.0,498.0
40,2016-03-02,504.0,520.0,504.0,516.0,87800.0,516.0
41,2016-03-03,516.0,523.0,513.0,523.0,40900.0,523.0
42,2016-03-04,523.0,532.0,519.0,531.0,58300.0,531.0
43,2016-03-07,541.0,551.0,538.0,543.0,79300.0,543.0
44,2016-03-08,546.0,550.0,533.0,536.0,123300.0,536.0
45,2016-03-09,541.0,547.0,535.0,544.0,131000.0,544.0
46,2016-03-10,549.0,560.0,549.0,557.0,89300.0,557.0
47,2016-03-11,553.0,565.0,552.0,563.0,93400.0,563.0
48,2016-03-14,569.0,583.0,568.0,574.0,95300.0,574.0
49,2016-03-15,574.0,582.0,573.0,574.0,42900.0,574.0
50,2016-03-16,577.0,580.0,568.0,571.0,46000.0,571.0
51,2016-03-17,578.0,580.0,567.0,572.0,50900.0,572.0
52,2016-03-18,573.0,574.0,562.0,569.0,76400.0,569.0
53,2016-03-22,572.0,577.0,565.0,571.0,76900.0,571.0
54,2016-03-23,575.0,579.0,571.0,573.0,73400.0,573.0
55,2016-03-24,573.0,574.0,566.0,570.0,76400.0,570.0
56,2016-03-25,573.0,578.0,573.0,574.0,94400.0,574.0
57,2016-03-28,580.0,589.0,577.0,586.0,211800.0,586.0
58,2016-03-29,578.0,591.0,569.0,591.0,133000.0,591.0
59,2016-03-30,589.0,594.0,574.0,575.0,90600.0,575.0
60,2016-03-31,583.0,588.0,571.0,571.0,90300.0,571.0
61,2016-04-01,574.0,574.0,546.0,548.0,100400.0,548.0
62,2016-04-04,550.0,565.0,546.0,558.0,66500.0,558.0
63,2016-04-05,557.0,557.0,540.0,540.0,59400.0,540.0
64,2016-04-06,542.0,542.0,531.0,537.0,59700.0,537.0
65,2016-04-07,535.0,542.0,530.0,533.0,82000.0,533.0
66,2016-04-08,526.0,554.0,522.0,547.0,89000.0,547.0
67,2016-04-11,551.0,551.0,537.0,541.0,67900.0,541.0
68,2016-04-12,547.0,554.0,544.0,550.0,43600.0,550.0
69,2016-04-13,550.0,553.0,544.0,551.0,62900.0,551.0
70,2016-04-14,555.0,561.0,552.0,560.0,67900.0,560.0
71,2016-04-15,561.0,567.0,559.0,560.0,51900.0,560.0
72,2016-04-18,550.0,562.0,549.0,560.0,71200.0,560.0
73,2016-04-19,561.0,564.0,552.0,560.0,81400.0,560.0
74,2016-04-20,560.0,565.0,555.0,556.0,83300.0,556.0
75,2016-04-21,565.0,570.0,564.0,570.0,67600.0,570.0
76,2016-04-22,573.0,588.0,570.0,585.0,74600.0,585.0
77,2016-04-25,586.0,588.0,570.0,572.0,51600.0,572.0
78,2016-04-26,572.0,572.0,559.0,568.0,61200.0,568.0
79,2016-04-27,570.0,572.0,561.0,564.0,36600.0,564.0
80,2016-04-28,572.0,582.0,552.0,553.0,56800.0,553.0
81,2016-05-02,550.0,551.0,531.0,535.0,88900.0,535.0
82,2016-05-06,540.0,545.0,538.0,543.0,68000.0,543.0
83,2016-05-09,550.0,559.0,549.0,559.0,39800.0,559.0
84,2016-05-10,569.0,574.0,560.0,570.0,71600.0,570.0
85,2016-05-11,553.0,559.0,544.0,544.0,115500.0,544.0
86,2016-05-12,618.0,644.0,609.0,625.0,956300.0,625.0
87,2016-05-13,616.0,620.0,589.0,590.0,454200.0,590.0
88,2016-05-16,580.0,605.0,580.0,587.0,96400.0,587.0
89,2016-05-17,590.0,624.0,585.0,608.0,227200.0,608.0
90,2016-05-18,602.0,604.0,585.0,591.0,97100.0,591.0
91,2016-05-19,588.0,602.0,585.0,598.0,153200.0,598.0
92,2016-05-20,598.0,608.0,596.0,602.0,46800.0,602.0
93,2016-05-23,612.0,614.0,599.0,608.0,52800.0,608.0
94,2016-05-24,608.0,610.0,596.0,598.0,50300.0,598.0
95,2016-05-25,608.0,610.0,599.0,601.0,34100.0,601.0
96,2016-05-26,608.0,610.0,604.0,607.0,58800.0,607.0
97,2016-05-27,599.0,619.0,599.0,605.0,86200.0,605.0
98,2016-05-30,610.0,614.0,603.0,612.0,50400.0,612.0
99,2016-05-31,606.0,612.0,602.0,612.0,70200.0,612.0
100,2016-06-01,603.0,610.0,598.0,599.0,58600.0,599.0
101,2016-06-02,596.0,598.0,586.0,588.0,64700.0,588.0
102,2016-06-03,591.0,596.0,583.0,590.0,38800.0,590.0
103,2016-06-06,581.0,588.0,577.0,588.0,47300.0,588.0
104,2016-06-07,588.0,592.0,581.0,588.0,41500.0,588.0
105,2016-06-08,587.0,595.0,581.0,595.0,63200.0,595.0
106,2016-06-09,598.0,630.0,595.0,625.0,320200.0,625.0
107,2016-06-10,627.0,627.0,601.0,602.0,177300.0,602.0
108,2016-06-13,594.0,594.0,570.0,570.0,99300.0,570.0
109,2016-06-14,571.0,589.0,568.0,587.0,90200.0,587.0
110,2016-06-15,581.0,585.0,574.0,575.0,57500.0,575.0
111,2016-06-16,575.0,578.0,567.0,567.0,127100.0,567.0
112,2016-06-17,573.0,579.0,568.0,577.0,81900.0,577.0
113,2016-06-20,577.0,600.0,577.0,596.0,47300.0,596.0
114,2016-06-21,589.0,601.0,584.0,600.0,75900.0,600.0
115,2016-06-22,596.0,596.0,583.0,592.0,90400.0,592.0
116,2016-06-23,595.0,595.0,586.0,592.0,72600.0,592.0
117,2016-06-24,596.0,599.0,559.0,569.0,147900.0,569.0
118,2016-06-27,589.0,591.0,580.0,591.0,90800.0,591.0
119,2016-06-28,580.0,590.0,575.0,582.0,70000.0,582.0
120,2016-06-29,581.0,582.0,570.0,579.0,70100.0,579.0
121,2016-06-30,579.0,582.0,573.0,573.0,63300.0,573.0
122,2016-07-01,577.0,583.0,573.0,582.0,49200.0,582.0
123,2016-07-04,577.0,583.0,576.0,580.0,28100.0,580.0
124,2016-07-05,573.0,587.0,573.0,586.0,51600.0,586.0
125,2016-07-06,572.0,595.0,559.0,592.0,119200.0,592.0
126,2016-07-07,589.0,592.0,581.0,587.0,50100.0,587.0
127,2016-07-08,588.0,588.0,570.0,573.0,69800.0,573.0
128,2016-07-11,595.0,616.0,593.0,596.0,203200.0,596.0
129,2016-07-12,598.0,610.0,596.0,600.0,100800.0,600.0
130,2016-07-13,604.0,604.0,596.0,599.0,76100.0,599.0
131,2016-07-14,600.0,620.0,598.0,616.0,137400.0,616.0
132,2016-07-15,615.0,631.0,614.0,622.0,93200.0,622.0
133,2016-07-19,625.0,658.0,623.0,656.0,199100.0,656.0
134,2016-07-20,646.0,670.0,639.0,665.0,188500.0,665.0
135,2016-07-21,674.0,675.0,656.0,661.0,133300.0,661.0
136,2016-07-22,653.0,660.0,653.0,658.0,66700.0,658.0
137,2016-07-25,661.0,665.0,656.0,658.0,97300.0,658.0
138,2016-07-26,658.0,659.0,652.0,657.0,122600.0,657.0
139,2016-07-27,652.0,661.0,638.0,659.0,173800.0,659.0
140,2016-07-28,657.0,657.0,646.0,649.0,55000.0,649.0
141,2016-07-29,649.0,664.0,641.0,664.0,77300.0,664.0
142,2016-08-01,604.0,621.0,602.0,611.0,229700.0,611.0
143,2016-08-02,630.0,666.0,620.0,663.0,290500.0,663.0
144,2016-08-03,654.0,654.0,636.0,637.0,105200.0,637.0
145,2016-08-04,638.0,639.0,625.0,631.0,73200.0,631.0
146,2016-08-05,637.0,637.0,622.0,626.0,69800.0,626.0
147,2016-08-08,633.0,649.0,630.0,648.0,66800.0,648.0
148,2016-08-09,648.0,693.0,644.0,690.0,152000.0,690.0
149,2016-08-10,695.0,703.0,669.0,670.0,125700.0,670.0
150,2016-08-12,676.0,690.0,672.0,684.0,65500.0,684.0
151,2016-08-15,680.0,692.0,670.0,691.0,92300.0,691.0
152,2016-08-16,691.0,691.0,651.0,653.0,97900.0,653.0
153,2016-08-17,650.0,659.0,640.0,646.0,73700.0,646.0
154,2016-08-18,637.0,645.0,631.0,631.0,71100.0,631.0
155,2016-08-19,630.0,631.0,614.0,616.0,92900.0,616.0
156,2016-08-22,617.0,632.0,614.0,620.0,48600.0,620.0
157,2016-08-23,618.0,631.0,618.0,621.0,50000.0,621.0
158,2016-08-24,629.0,634.0,623.0,630.0,27900.0,630.0
159,2016-08-25,630.0,633.0,623.0,629.0,43900.0,629.0
160,2016-08-26,625.0,626.0,614.0,615.0,69500.0,615.0
161,2016-08-29,620.0,640.0,613.0,634.0,114400.0,634.0
162,2016-08-30,630.0,637.0,625.0,626.0,47400.0,626.0
163,2016-08-31,630.0,636.0,625.0,636.0,31800.0,636.0
164,2016-09-01,636.0,643.0,622.0,625.0,59500.0,625.0
165,2016-09-02,622.0,625.0,616.0,618.0,58800.0,618.0
166,2016-09-05,625.0,627.0,619.0,621.0,37200.0,621.0
167,2016-09-06,624.0,637.0,619.0,636.0,104600.0,636.0
168,2016-09-07,631.0,640.0,627.0,639.0,40600.0,639.0
169,2016-09-08,640.0,641.0,633.0,637.0,46800.0,637.0
170,2016-09-09,640.0,640.0,633.0,635.0,59400.0,635.0
171,2016-09-12,630.0,632.0,621.0,628.0,41200.0,628.0
172,2016-09-13,630.0,630.0,621.0,621.0,40400.0,621.0
173,2016-09-14,619.0,620.0,600.0,603.0,82200.0,603.0
174,2016-09-15,603.0,609.0,590.0,595.0,55500.0,595.0
175,2016-09-16,597.0,622.0,597.0,622.0,80500.0,622.0
176,2016-09-20,625.0,631.0,611.0,614.0,113300.0,614.0
177,2016-09-21,611.0,631.0,611.0,631.0,58800.0,631.0
178,2016-09-23,631.0,632.0,627.0,631.0,86200.0,631.0
179,2016-09-26,631.0,632.0,618.0,620.0,105600.0,620.0
180,2016-09-27,614.0,637.0,609.0,637.0,180800.0,637.0
181,2016-09-28,621.0,633.0,618.0,632.0,60100.0,632.0
182,2016-09-29,632.0,650.0,632.0,649.0,58300.0,649.0
183,2016-09-30,632.0,634.0,622.0,623.0,102700.0,623.0
184,2016-10-03,631.0,650.0,631.0,643.0,66200.0,643.0
185,2016-10-04,650.0,659.0,646.0,657.0,56700.0,657.0
186,2016-10-05,664.0,675.0,658.0,664.0,108700.0,664.0
187,2016-10-06,667.0,673.0,660.0,667.0,79500.0,667.0
188,2016-10-07,662.0,668.0,650.0,659.0,67400.0,659.0
189,2016-10-11,659.0,661.0,651.0,661.0,48300.0,661.0
190,2016-10-12,655.0,662.0,651.0,656.0,42800.0,656.0
191,2016-10-13,662.0,662.0,652.0,656.0,39200.0,656.0
192,2016-10-17,656.0,664.0,656.0,661.0,22100.0,661.0
193,2016-10-19,667.0,673.0,667.0,672.0,30700.0,672.0
194,2016-10-20,672.0,680.0,670.0,680.0,43100.0,680.0
195,2016-10-21,680.0,680.0,673.0,675.0,40800.0,675.0
196,2016-10-24,673.0,679.0,672.0,678.0,42800.0,678.0
197,2016-10-25,678.0,695.0,677.0,692.0,140500.0,692.0
198,2016-10-26,689.0,692.0,681.0,686.0,63100.0,686.0
199,2016-10-27,692.0,701.0,690.0,699.0,84000.0,699.0
200,2016-10-28,698.0,713.0,695.0,713.0,107800.0,713.0
201,2016-10-31,713.0,713.0,690.0,701.0,85400.0,701.0
202,2016-11-01,660.0,674.0,651.0,672.0,129500.0,672.0
203,2016-11-02,670.0,670.0,643.0,649.0,166600.0,649.0
204,2016-11-04,649.0,649.0,632.0,640.0,88000.0,640.0
205,2016-11-07,650.0,653.0,644.0,651.0,41300.0,651.0
206,2016-11-08,652.0,658.0,650.0,654.0,38600.0,654.0
207,2016-11-09,658.0,660.0,625.0,625.0,95300.0,625.0
208,2016-11-10,660.0,663.0,649.0,655.0,73000.0,655.0
209,2016-11-11,661.0,663.0,638.0,645.0,103100.0,645.0
210,2016-11-14,647.0,659.0,641.0,657.0,70500.0,657.0
211,2016-11-15,654.0,657.0,635.0,637.0,72000.0,637.0
212,2016-11-16,647.0,648.0,637.0,644.0,63400.0,644.0
213,2016-11-17,644.0,648.0,637.0,645.0,38300.0,645.0
214,2016-11-18,650.0,650.0,642.0,643.0,114300.0,643.0
215,2016-11-21,649.0,658.0,649.0,657.0,34900.0,657.0
216,2016-11-22,656.0,659.0,643.0,654.0,65100.0,654.0
217,2016-11-24,660.0,660.0,649.0,651.0,43400.0,651.0
218,2016-11-25,647.0,649.0,630.0,640.0,133500.0,640.0
219,2016-11-28,640.0,643.0,634.0,643.0,65200.0,643.0
220,2016-11-29,640.0,645.0,639.0,645.0,53000.0,645.0
221,2016-11-30,645.0,645.0,633.0,640.0,70800.0,640.0
222,2016-12-01,647.0,647.0,631.0,633.0,178500.0,633.0
223,2016-12-02,642.0,642.0,630.0,632.0,125700.0,632.0
224,2016-12-05,630.0,634.0,626.0,630.0,85900.0,630.0
225,2016-12-06,637.0,639.0,634.0,637.0,81200.0,637.0
226,2016-12-07,636.0,640.0,634.0,638.0,150300.0,638.0
227,2016-12-08,641.0,642.0,629.0,640.0,145300.0,640.0
228,2016-12-09,630.0,637.0,599.0,615.0,460100.0,615.0
229,2016-12-12,620.0,629.0,615.0,629.0,111600.0,629.0
230,2016-12-13,632.0,635.0,626.0,635.0,216500.0,635.0
231,2016-12-14,639.0,641.0,632.0,636.0,115500.0,636.0
232,2016-12-15,639.0,659.0,638.0,658.0,163900.0,658.0
233,2016-12-16,659.0,682.0,659.0,680.0,176000.0,680.0
234,2016-12-19,695.0,696.0,679.0,683.0,87300.0,683.0
235,2016-12-20,684.0,690.0,680.0,685.0,72400.0,685.0
236,2016-12-21,688.0,704.0,686.0,703.0,185200.0,703.0
237,2016-12-22,704.0,719.0,688.0,718.0,201800.0,718.0
238,2016-12-26,724.0,725.0,703.0,714.0,178200.0,714.0
239,2016-12-27,711.0,713.0,705.0,713.0,87000.0,713.0
240,2016-12-28,713.0,729.0,708.0,727.0,135300.0,727.0
241,2016-12-29,725.0,731.0,718.0,723.0,116500.0,723.0
242,2016-12-30,720.0,720.0,712.0,720.0,59300.0,720.0
243,2017-01-04,729.0,800.0,729.0,778.0,359200.0,778.0
244,2017-01-05,793.0,809.0,780.0,802.0,264200.0,802.0
245,2017-01-06,798.0,809.0,792.0,808.0,162900.0,808.0
246,2017-01-10,804.0,815.0,796.0,804.0,168000.0,804.0
247,2017-01-11,800.0,805.0,795.0,799.0,151400.0,799.0
248,2017-01-12,801.0,801.0,774.0,776.0,261400.0,776.0
249,2017-01-13,768.0,788.0,768.0,783.0,87400.0,783.0
250,2017-01-16,777.0,784.0,773.0,776.0,91900.0,776.0
251,2017-01-17,772.0,775.0,762.0,762.0,72700.0,762.0
252,2017-01-18,750.0,759.0,739.0,756.0,127300.0,756.0
253,2017-01-19,763.0,768.0,740.0,753.0,162400.0,753.0
254,2017-01-20,744.0,752.0,736.0,746.0,92000.0,746.0
255,2017-01-23,738.0,740.0,727.0,736.0,72600.0,736.0
256,2017-01-24,739.0,749.0,730.0,735.0,106100.0,735.0
257,2017-01-25,755.0,757.0,738.0,740.0,87300.0,740.0
258,2017-01-26,746.0,750.0,738.0,743.0,144100.0,743.0
259,2017-01-27,758.0,777.0,752.0,770.0,225600.0,770.0
260,2017-01-30,783.0,792.0,771.0,774.0,190600.0,774.0
261,2017-01-31,768.0,785.0,765.0,775.0,120800.0,775.0
262,2017-02-01,795.0,844.0,795.0,831.0,406500.0,831.0
263,2017-02-02,830.0,830.0,796.0,798.0,206900.0,798.0
264,2017-02-03,791.0,797.0,781.0,794.0,172100.0,794.0
265,2017-02-06,800.0,823.0,797.0,820.0,176800.0,820.0
266,2017-02-07,815.0,860.0,815.0,847.0,414500.0,847.0
267,2017-02-08,840.0,842.0,823.0,836.0,203100.0,836.0
268,2017-02-09,834.0,835.0,819.0,830.0,161100.0,830.0
269,2017-02-10,830.0,833.0,817.0,826.0,182600.0,826.0
270,2017-02-13,832.0,837.0,823.0,831.0,168600.0,831.0
271,2017-02-14,833.0,860.0,833.0,840.0,180700.0,840.0
272,2017-02-15,842.0,857.0,837.0,856.0,116900.0,856.0
273,2017-02-16,860.0,860.0,842.0,846.0,73600.0,846.0
274,2017-02-17,837.0,845.0,827.0,840.0,74100.0,840.0
275,2017-02-20,838.0,852.0,833.0,849.0,47800.0,849.0
276,2017-02-21,852.0,852.0,837.0,838.0,117000.0,838.0
277,2017-02-22,848.0,876.0,848.0,876.0,231800.0,876.0
278,2017-02-23,876.0,876.0,855.0,870.0,103600.0,870.0
279,2017-02-24,866.0,867.0,855.0,860.0,114500.0,860.0
280,2017-02-27,857.0,860.0,847.0,854.0,100300.0,854.0
281,2017-02-28,856.0,869.0,846.0,847.0,113400.0,847.0
282,2017-03-01,845.0,847.0,836.0,838.0,181300.0,838.0
283,2017-03-02,857.0,857.0,842.0,846.0,159300.0,846.0
284,2017-03-03,845.0,850.0,837.0,843.0,78000.0,843.0
285,2017-03-06,840.0,844.0,831.0,840.0,105700.0,840.0
286,2017-03-07,841.0,850.0,831.0,847.0,110300.0,847.0
287,2017-03-08,841.0,845.0,827.0,835.0,123200.0,835.0
288,2017-03-09,840.0,844.0,836.0,838.0,80400.0,838.0
289,2017-03-10,840.0,848.0,837.0,842.0,169000.0,842.0
290,2017-03-13,841.0,860.0,837.0,838.0,122200.0,838.0
291,2017-03-14,838.0,839.0,824.0,834.0,142300.0,834.0
292,2017-03-15,830.0,836.0,827.0,833.0,49700.0,833.0
293,2017-03-16,827.0,842.0,825.0,839.0,131100.0,839.0
294,2017-03-17,839.0,858.0,839.0,853.0,156600.0,853.0
295,2017-03-21,859.0,862.0,847.0,853.0,159600.0,853.0
296,2017-03-22,845.0,855.0,840.0,844.0,141300.0,844.0
297,2017-03-23,876.0,877.0,843.0,850.0,265900.0,850.0
298,2017-03-24,848.0,862.0,841.0,844.0,217100.0,844.0
299,2017-03-27,851.0,859.0,845.0,850.0,193200.0,850.0
300,2017-03-28,850.0,865.0,850.0,855.0,303500.0,855.0
301,2017-03-29,853.0,856.0,844.0,851.0,139600.0,851.0
302,2017-03-30,847.0,859.0,828.0,831.0,142800.0,831.0
303,2017-03-31,833.0,849.0,832.0,833.0,211600.0,833.0
304,2017-04-03,853.0,887.0,850.0,870.0,293400.0,870.0
305,2017-04-04,871.0,871.0,842.0,851.0,122500.0,851.0
306,2017-04-05,858.0,863.0,844.0,847.0,138100.0,847.0
307,2017-04-06,844.0,846.0,831.0,836.0,142900.0,836.0
308,2017-04-07,838.0,850.0,836.0,841.0,202900.0,841.0
309,2017-04-10,885.0,897.0,872.0,887.0,719100.0,887.0
310,2017-04-11,895.0,936.0,889.0,932.0,564100.0,932.0
311,2017-04-12,929.0,929.0,910.0,918.0,253200.0,918.0
312,2017-04-13,906.0,920.0,898.0,908.0,227800.0,908.0
313,2017-04-14,907.0,933.0,907.0,920.0,251300.0,920.0
314,2017-04-17,929.0,955.0,928.0,943.0,333900.0,943.0
315,2017-04-18,955.0,961.0,940.0,950.0,305800.0,950.0
316,2017-04-19,951.0,1006.0,948.0,989.0,721700.0,989.0
317,2017-04-20,1000.0,1009.0,986.0,986.0,505800.0,986.0
318,2017-04-21,975.0,1000.0,962.0,985.0,300400.0,985.0
319,2017-04-24,998.0,1023.0,980.0,1012.0,437300.0,1012.0
320,2017-04-25,1003.0,1024.0,1000.0,1020.0,270000.0,1020.0
321,2017-04-26,1026.0,1035.0,1010.0,1029.0,316900.0,1029.0
322,2017-04-27,1021.0,1022.0,988.0,1013.0,840700.0,1013.0
323,2017-04-28,1001.0,1027.0,991.0,1022.0,322500.0,1022.0
324,2017-05-01,1003.0,1029.0,1003.0,1019.0,120600.0,1019.0
325,2017-05-02,1024.0,1037.0,1018.0,1025.0,195700.0,1025.0
326,2017-05-08,1046.0,1085.0,1043.0,1076.0,396400.0,1076.0
327,2017-05-09,1061.0,1088.0,1047.0,1074.0,296800.0,1074.0
328,2017-05-10,1080.0,1110.0,1074.0,1092.0,357300.0,1092.0
329,2017-05-11,1095.0,1099.0,1081.0,1094.0,273500.0,1094.0
330,2017-05-12,1154.0,1226.0,1140.0,1212.0,1294400.0,1212.0
331,2017-05-15,1176.0,1210.0,1166.0,1188.0,548300.0,1188.0
332,2017-05-16,1185.0,1187.0,1160.0,1177.0,327800.0,1177.0
333,2017-05-17,1175.0,1230.0,1163.0,1223.0,637700.0,1223.0
334,2017-05-18,1212.0,1234.0,1203.0,1208.0,467900.0,1208.0
335,2017-05-19,1227.0,1231.0,1206.0,1213.0,261300.0,1213.0
336,2017-05-22,1220.0,1243.0,1214.0,1238.0,332600.0,1238.0
337,2017-05-23,1239.0,1276.0,1239.0,1256.0,375000.0,1256.0
338,2017-05-24,1256.0,1275.0,1242.0,1260.0,285400.0,1260.0
339,2017-05-25,1260.0,1268.0,1247.0,1250.0,300900.0,1250.0
340,2017-05-26,1259.0,1259.0,1226.0,1228.0,206800.0,1228.0
341,2017-05-29,1207.0,1242.0,1202.0,1230.0,170700.0,1230.0
342,2017-05-30,1224.0,1240.0,1177.0,1199.0,526200.0,1199.0
343,2017-05-31,1231.0,1320.0,1229.0,1306.0,992600.0,1306.0
344,2017-06-01,1304.0,1327.0,1285.0,1305.0,416000.0,1305.0
345,2017-06-02,1314.0,1324.0,1296.0,1308.0,428700.0,1308.0
346,2017-06-05,1305.0,1345.0,1305.0,1338.0,275900.0,1338.0
347,2017-06-06,1321.0,1327.0,1281.0,1297.0,430600.0,1297.0
348,2017-06-07,1279.0,1304.0,1270.0,1287.0,229900.0,1287.0
349,2017-06-08,1295.0,1306.0,1277.0,1277.0,282700.0,1277.0
350,2017-06-09,1277.0,1305.0,1268.0,1300.0,368500.0,1300.0
351,2017-06-12,1291.0,1292.0,1256.0,1270.0,235500.0,1270.0
352,2017-06-13,1283.0,1309.0,1280.0,1300.0,398400.0,1300.0
353,2017-06-14,1299.0,1303.0,1275.0,1277.0,207900.0,1277.0
354,2017-06-15,1280.0,1303.0,1278.0,1298.0,349500.0,1298.0
355,2017-06-16,1317.0,1341.0,1303.0,1320.0,704600.0,1320.0
356,2017-06-19,1325.0,1362.0,1317.0,1347.0,455400.0,1347.0
357,2017-06-20,1348.0,1355.0,1329.0,1339.0,317000.0,1339.0
358,2017-06-21,1331.0,1342.0,1315.0,1321.0,231600.0,1321.0
359,2017-06-22,1321.0,1332.0,1314.0,1318.0,171500.0,1318.0
360,2017-06-23,1321.0,1338.0,1316.0,1321.0,349600.0,1321.0
361,2017-06-26,1320.0,1368.0,1318.0,1355.0,584100.0,1355.0
362,2017-06-27,1354.0,1355.0,1298.0,1298.0,430000.0,1298.0
363,2017-06-28,1301.0,1305.0,1277.0,1283.0,389400.0,1283.0
364,2017-06-29,1291.0,1304.0,1289.0,1301.0,324100.0,1301.0
365,2017-06-30,1287.0,1345.0,1257.0,1342.0,683900.0,1342.0
366,2017-07-03,1330.0,1351.0,1327.0,1335.0,251200.0,1335.0
367,2017-07-04,1348.0,1374.0,1341.0,1360.0,405000.0,1360.0
368,2017-07-05,1351.0,1362.0,1335.0,1346.0,281000.0,1346.0
369,2017-07-06,1336.0,1338.0,1322.0,1328.0,295500.0,1328.0
370,2017-07-07,1311.0,1325.0,1307.0,1316.0,216200.0,1316.0
371,2017-07-10,1316.0,1325.0,1305.0,1305.0,375300.0,1305.0
372,2017-07-11,1297.0,1323.0,1297.0,1321.0,148200.0,1321.0
373,2017-07-12,1307.0,1321.0,1294.0,1295.0,252800.0,1295.0
374,2017-07-13,1298.0,1303.0,1286.0,1290.0,145000.0,1290.0
375,2017-07-14,1290.0,1292.0,1278.0,1282.0,177300.0,1282.0
376,2017-07-18,1260.0,1297.0,1260.0,1286.0,314100.0,1286.0
377,2017-07-19,1288.0,1308.0,1284.0,1287.0,219200.0,1287.0
378,2017-07-20,1282.0,1304.0,1272.0,1278.0,212600.0,1278.0
379,2017-07-21,1278.0,1286.0,1275.0,1282.0,113200.0,1282.0
380,2017-07-24,1272.0,1297.0,1271.0,1294.0,120700.0,1294.0
381,2017-07-25,1294.0,1294.0,1277.0,1282.0,83000.0,1282.0
382,2017-07-26,1278.0,1281.0,1269.0,1274.0,140400.0,1274.0
383,2017-07-27,1269.0,1289.0,1269.0,1278.0,177700.0,1278.0
384,2017-07-28,1283.0,1312.0,1283.0,1298.0,246800.0,1298.0
385,2017-07-31,1297.0,1303.0,1266.0,1269.0,194200.0,1269.0
386,2017-08-01,1258.0,1259.0,1160.0,1164.0,743100.0,1164.0
387,2017-08-02,1171.0,1225.0,1171.0,1215.0,457400.0,1215.0
388,2017-08-03,1210.0,1224.0,1190.0,1197.0,259800.0,1197.0
389,2017-08-04,1196.0,1209.0,1188.0,1191.0,260500.0,1191.0
390,2017-08-07,1199.0,1215.0,1190.0,1201.0,258200.0,1201.0
391,2017-08-08,1203.0,1203.0,1181.0,1184.0,210700.0,1184.0
392,2017-08-09,1179.0,1182.0,1168.0,1170.0,234500.0,1170.0
393,2017-08-10,1167.0,1181.0,1147.0,1158.0,270100.0,1158.0
394,2017-08-14,1139.0,1143.0,1116.0,1138.0,446000.0,1138.0
395,2017-08-15,1145.0,1163.0,1143.0,1157.0,205100.0,1157.0
396,2017-08-16,1142.0,1159.0,1141.0,1146.0,149400.0,1146.0
397,2017-08-17,1155.0,1176.0,1154.0,1167.0,195200.0,1167.0
398,2017-08-18,1160.0,1160.0,1143.0,1146.0,109100.0,1146.0
399,2017-08-21,1143.0,1143.0,1122.0,1133.0,147300.0,1133.0
400,2017-08-22,1138.0,1145.0,1133.0,1134.0,114600.0,1134.0
401,2017-08-23,1150.0,1155.0,1131.0,1134.0,191600.0,1134.0
402,2017-08-24,1134.0,1140.0,1132.0,1137.0,117000.0,1137.0
403,2017-08-25,1141.0,1156.0,1133.0,1150.0,129300.0,1150.0
404,2017-08-28,1152.0,1166.0,1128.0,1134.0,187400.0,1134.0
405,2017-08-29,1126.0,1134.0,1093.0,1103.0,574800.0,1103.0
406,2017-08-30,1112.0,1141.0,1095.0,1140.0,311800.0,1140.0
407,2017-08-31,1140.0,1144.0,1116.0,1128.0,213300.0,1128.0
408,2017-09-01,1128.0,1171.0,1089.0,1121.0,681200.0,1121.0
409,2017-09-04,1123.0,1125.0,1081.0,1083.0,213300.0,1083.0
410,2017-09-05,1084.0,1086.0,1050.0,1050.0,220600.0,1050.0
411,2017-09-06,1034.0,1068.0,1027.0,1056.0,318200.0,1056.0
412,2017-09-07,1063.0,1077.0,1058.0,1070.0,293300.0,1070.0
413,2017-09-08,1077.0,1081.0,1041.0,1047.0,314100.0,1047.0
414,2017-09-11,1058.0,1064.0,1033.0,1034.0,236700.0,1034.0
415,2017-09-12,1046.0,1063.0,1029.0,1058.0,273000.0,1058.0
416,2017-09-13,1057.0,1069.0,1045.0,1054.0,255500.0,1054.0
417,2017-09-14,1057.0,1070.0,1048.0,1050.0,194300.0,1050.0
418,2017-09-15,1043.0,1044.0,1010.0,1025.0,441200.0,1025.0
419,2017-09-19,1115.0,1135.0,1105.0,1121.0,674100.0,1121.0
420,2017-09-20,1119.0,1125.0,1099.0,1104.0,352500.0,1104.0
421,2017-09-21,1108.0,1108.0,1057.0,1076.0,590700.0,1076.0
422,2017-09-22,1076.0,1114.0,1076.0,1114.0,419200.0,1114.0
423,2017-09-25,1147.0,1188.0,1140.0,1155.0,887900.0,1155.0
424,2017-09-26,1158.0,1167.0,1146.0,1165.0,624100.0,1165.0
425,2017-09-27,1158.0,1158.0,1138.0,1151.0,373600.0,1151.0
426,2017-09-28,1152.0,1156.0,1138.0,1152.0,205700.0,1152.0
427,2017-09-29,1147.0,1188.0,1143.0,1186.0,265800.0,1186.0
428,2017-10-02,1199.0,1203.0,1158.0,1186.0,456600.0,1186.0
429,2017-10-03,1187.0,1193.0,1155.0,1161.0,506900.0,1161.0
430,2017-10-04,1150.0,1166.0,1147.0,1161.0,340200.0,1161.0
431,2017-10-05,1164.0,1202.0,1159.0,1196.0,359100.0,1196.0
432,2017-10-06,1195.0,1196.0,1180.0,1192.0,229700.0,1192.0
433,2017-10-10,1186.0,1203.0,1170.0,1203.0,397300.0,1203.0
434,2017-10-11,1204.0,1211.0,1195.0,1201.0,190900.0,1201.0
435,2017-10-12,1202.0,1217.0,1192.0,1209.0,223700.0,1209.0
436,2017-10-13,1207.0,1222.0,1201.0,1220.0,179900.0,1220.0
437,2017-10-16,1226.0,1249.0,1219.0,1242.0,289400.0,1242.0
438,2017-10-17,1295.0,1315.0,1273.0,1304.0,911900.0,1304.0
439,2017-10-18,1300.0,1300.0,1243.0,1248.0,368600.0,1248.0
440,2017-10-19,1268.0,1288.0,1252.0,1256.0,293100.0,1256.0
441,2017-10-20,1246.0,1268.0,1236.0,1252.0,255600.0,1252.0
442,2017-10-23,1276.0,1292.0,1268.0,1290.0,278400.0,1290.0
443,2017-10-24,1290.0,1308.0,1282.0,1306.0,252100.0,1306.0
444,2017-10-25,1304.0,1308.0,1288.0,1305.0,278800.0,1305.0
445,2017-10-26,1295.0,1304.0,1289.0,1300.0,208200.0,1300.0
446,2017-10-27,1300.0,1311.0,1297.0,1303.0,236000.0,1303.0
447,2017-10-30,1300.0,1306.0,1279.0,1294.0,821000.0,1294.0
448,2017-10-31,1280.0,1293.0,1274.0,1284.0,462600.0,1284.0
449,2017-11-01,1266.0,1281.0,1205.0,1262.0,689100.0,1262.0
450,2017-11-02,1258.0,1274.0,1237.0,1270.0,351700.0,1270.0
451,2017-11-06,1270.0,1270.0,1238.0,1244.0,457300.0,1244.0
452,2017-11-07,1239.0,1254.0,1225.0,1254.0,247300.0,1254.0
453,2017-11-08,1244.0,1245.0,1229.0,1229.0,168900.0,1229.0
454,2017-11-09,1234.0,1248.0,1226.0,1243.0,345100.0,1243.0
455,2017-11-10,1225.0,1246.0,1225.0,1245.0,139200.0,1245.0
456,2017-11-13,1241.0,1252.0,1232.0,1248.0,315600.0,1248.0
457,2017-11-15,1231.0,1237.0,1189.0,1191.0,225300.0,1191.0
458,2017-11-16,1161.0,1197.0,1153.0,1185.0,540700.0,1185.0
459,2017-11-17,1200.0,1204.0,1177.0,1198.0,370500.0,1198.0
460,2017-11-20,1201.0,1222.0,1184.0,1217.0,235000.0,1217.0
461,2017-11-21,1210.0,1235.0,1204.0,1216.0,207100.0,1216.0
462,2017-11-22,1216.0,1223.0,1203.0,1204.0,155100.0,1204.0
463,2017-11-24,1200.0,1221.0,1190.0,1218.0,181100.0,1218.0
464,2017-11-27,1221.0,1221.0,1199.0,1201.0,140300.0,1201.0
465,2017-11-28,1195.0,1208.0,1186.0,1203.0,149800.0,1203.0
466,2017-11-29,1208.0,1224.0,1197.0,1224.0,154000.0,1224.0
467,2017-11-30,1230.0,1231.0,1204.0,1227.0,169700.0,1227.0
468,2017-12-01,1225.0,1253.0,1222.0,1250.0,178500.0,1250.0
469,2017-12-04,1263.0,1268.0,1244.0,1244.0,136100.0,1244.0
470,2017-12-05,1244.0,1252.0,1233.0,1250.0,109800.0,1250.0
471,2017-12-06,1242.0,1261.0,1217.0,1217.0,112400.0,1217.0
472,2017-12-07,1218.0,1260.0,1214.0,1245.0,273400.0,1245.0
473,2017-12-08,1259.0,1290.0,1258.0,1290.0,277100.0,1290.0
474,2017-12-11,1289.0,1324.0,1285.0,1321.0,356200.0,1321.0
475,2017-12-12,1335.0,1359.0,1326.0,1353.0,409500.0,1353.0
476,2017-12-13,1370.0,1372.0,1352.0,1360.0,303100.0,1360.0
477,2017-12-14,1355.0,1356.0,1331.0,1344.0,234800.0,1344.0
478,2017-12-15,1342.0,1356.0,1324.0,1330.0,239400.0,1330.0
479,2017-12-18,1344.0,1366.0,1323.0,1362.0,231800.0,1362.0
480,2017-12-19,1362.0,1362.0,1341.0,1341.0,104700.0,1341.0
481,2017-12-20,1350.0,1359.0,1333.0,1352.0,95400.0,1352.0
482,2017-12-21,1348.0,1359.0,1334.0,1352.0,155300.0,1352.0
483,2017-12-22,1350.0,1360.0,1342.0,1357.0,126300.0,1357.0
484,2017-12-25,1360.0,1362.0,1348.0,1359.0,92200.0,1359.0
485,2017-12-26,1359.0,1389.0,1354.0,1381.0,176900.0,1381.0
486,2017-12-27,1386.0,1427.0,1386.0,1411.0,199000.0,1411.0
487,2017-12-28,1416.0,1424.0,1380.0,1384.0,135800.0,1384.0
488,2017-12-29,1385.0,1394.0,1374.0,1388.0,79100.0,1388.0
489,2018-01-04,1410.0,1419.0,1385.0,1412.0,269200.0,1412.0
490,2018-01-05,1406.0,1428.0,1399.0,1407.0,167600.0,1407.0
491,2018-01-09,1407.0,1413.0,1390.0,1412.0,124800.0,1412.0
492,2018-01-10,1409.0,1412.0,1370.0,1376.0,306200.0,1376.0
493,2018-01-11,1368.0,1377.0,1351.0,1358.0,207000.0,1358.0
494,2018-01-12,1358.0,1363.0,1341.0,1345.0,320600.0,1345.0
495,2018-01-15,1339.0,1356.0,1326.0,1352.0,251300.0,1352.0
496,2018-01-16,1352.0,1374.0,1349.0,1367.0,86000.0,1367.0
497,2018-01-17,1401.0,1405.0,1371.0,1378.0,337800.0,1378.0
498,2018-01-18,1395.0,1395.0,1349.0,1349.0,198800.0,1349.0
499,2018-01-19,1352.0,1375.0,1352.0,1367.0,113900.0,1367.0
500,2018-01-22,1351.0,1357.0,1341.0,1355.0,155000.0,1355.0
501,2018-01-23,1372.0,1387.0,1367.0,1385.0,139600.0,1385.0
502,2018-01-24,1395.0,1420.0,1392.0,1398.0,198300.0,1398.0
503,2018-01-25,1384.0,1384.0,1358.0,1366.0,152500.0,1366.0
504,2018-01-26,1361.0,1375.0,1353.0,1355.0,119000.0,1355.0
505,2018-01-29,1385.0,1405.0,1366.0,1369.0,218000.0,1369.0
506,2018-01-30,1376.0,1382.0,1338.0,1347.0,162500.0,1347.0
507,2018-01-31,1322.0,1358.0,1319.0,1341.0,303600.0,1341.0
508,2018-02-01,1401.0,1535.0,1392.0,1448.0,676400.0,1448.0
509,2018-02-02,1437.0,1482.0,1422.0,1428.0,241900.0,1428.0
510,2018-02-05,1390.0,1396.0,1347.0,1353.0,257400.0,1353.0
511,2018-02-06,1286.0,1286.0,1213.0,1238.0,342900.0,1238.0
512,2018-02-07,1294.0,1301.0,1231.0,1231.0,223200.0,1231.0
513,2018-02-08,1223.0,1246.0,1214.0,1227.0,228700.0,1227.0
514,2018-02-09,1177.0,1206.0,1170.0,1200.0,248200.0,1200.0
515,2018-02-13,1200.0,1215.0,1193.0,1199.0,469100.0,1199.0
516,2018-02-14,1199.0,1221.0,1191.0,1207.0,284300.0,1207.0
517,2018-02-15,1218.0,1218.0,1192.0,1200.0,183600.0,1200.0
518,2018-02-16,1206.0,1217.0,1196.0,1207.0,264300.0,1207.0
519,2018-02-19,1242.0,1306.0,1232.0,1278.0,924700.0,1278.0
520,2018-02-20,1281.0,1303.0,1267.0,1285.0,373600.0,1285.0
521,2018-02-21,1285.0,1300.0,1266.0,1279.0,220200.0,1279.0
522,2018-02-22,1270.0,1272.0,1242.0,1251.0,159700.0,1251.0
523,2018-02-23,1247.0,1261.0,1243.0,1259.0,88500.0,1259.0
524,2018-02-26,1269.0,1271.0,1249.0,1265.0,178300.0,1265.0
525,2018-02-27,1289.0,1289.0,1245.0,1247.0,147400.0,1247.0
526,2018-02-28,1262.0,1312.0,1259.0,1297.0,470400.0,1297.0
527,2018-03-01,1300.0,1324.0,1296.0,1311.0,416200.0,1311.0
528,2018-03-02,1281.0,1297.0,1268.0,1278.0,295800.0,1278.0
529,2018-03-05,1267.0,1289.0,1257.0,1261.0,180400.0,1261.0
530,2018-03-06,1294.0,1314.0,1284.0,1310.0,197800.0,1310.0
531,2018-03-07,1287.0,1318.0,1285.0,1302.0,137500.0,1302.0
532,2018-03-08,1319.0,1328.0,1289.0,1296.0,181900.0,1296.0
533,2018-03-09,1305.0,1305.0,1271.0,1278.0,170300.0,1278.0
534,2018-03-12,1297.0,1297.0,1276.0,1283.0,119500.0,1283.0
535,2018-03-13,1280.0,1302.0,1277.0,1302.0,152900.0,1302.0
536,2018-03-14,1293.0,1299.0,1273.0,1277.0,157600.0,1277.0
537,2018-03-15,1272.0,1300.0,1272.0,1298.0,160600.0,1298.0
538,2018-03-16,1299.0,1301.0,1257.0,1268.0,189800.0,1268.0
539,2018-03-19,1269.0,1274.0,1243.0,1251.0,136100.0,1251.0
540,2018-03-20,1239.0,1256.0,1228.0,1254.0,116800.0,1254.0
541,2018-03-22,1246.0,1269.0,1239.0,1251.0,168400.0,1251.0
542,2018-03-23,1230.0,1238.0,1206.0,1209.0,207700.0,1209.0
543,2018-03-26,1204.0,1218.0,1177.0,1210.0,324000.0,1210.0
544,2018-03-27,1224.0,1248.0,1221.0,1246.0,240100.0,1246.0
545,2018-03-28,1217.0,1234.0,1211.0,1229.0,122600.0,1229.0
546,2018-03-29,1243.0,1250.0,1222.0,1238.0,136000.0,1238.0
547,2018-03-30,1252.0,1270.0,1239.0,1261.0,140700.0,1261.0
548,2018-04-02,1261.0,1266.0,1244.0,1244.0,95000.0,1244.0
549,2018-04-03,1227.0,1264.0,1223.0,1257.0,151500.0,1257.0
550,2018-04-04,1267.0,1276.0,1256.0,1272.0,126100.0,1272.0
551,2018-04-05,1283.0,1290.0,1262.0,1272.0,125100.0,1272.0
552,2018-04-06,1270.0,1308.0,1269.0,1299.0,194800.0,1299.0
553,2018-04-09,1307.0,1319.0,1296.0,1316.0,183300.0,1316.0
554,2018-04-10,1312.0,1314.0,1275.0,1278.0,176900.0,1278.0
555,2018-04-11,1279.0,1279.0,1247.0,1255.0,104900.0,1255.0
556,2018-04-12,1255.0,1265.0,1237.0,1244.0,135900.0,1244.0
557,2018-04-13,1250.0,1251.0,1229.0,1236.0,118700.0,1236.0
558,2018-04-16,1228.0,1244.0,1227.0,1242.0,110200.0,1242.0
559,2018-04-17,1236.0,1239.0,1213.0,1222.0,133300.0,1222.0
560,2018-04-18,1223.0,1243.0,1221.0,1235.0,150700.0,1235.0
561,2018-04-19,1246.0,1246.0,1216.0,1227.0,173200.0,1227.0
562,2018-04-20,1222.0,1244.0,1222.0,1240.0,118000.0,1240.0
563,2018-04-23,1242.0,1262.0,1241.0,1257.0,105100.0,1257.0
564,2018-04-24,1272.0,1278.0,1262.0,1276.0,126100.0,1276.0
565,2018-04-25,1277.0,1285.0,1265.0,1280.0,168300.0,1280.0
566,2018-04-26,1280.0,1287.0,1269.0,1272.0,125800.0,1272.0
567,2018-04-27,1276.0,1276.0,1260.0,1274.0,133400.0,1274.0
568,2018-05-01,1266.0,1277.0,1249.0,1270.0,97100.0,1270.0
569,2018-05-02,1270.0,1286.0,1264.0,1275.0,141500.0,1275.0
570,2018-05-07,1275.0,1285.0,1262.0,1266.0,163700.0,1266.0
571,2018-05-08,1266.0,1266.0,1223.0,1224.0,304000.0,1224.0
572,2018-05-09,1225.0,1239.0,1222.0,1230.0,161100.0,1230.0
573,2018-05-10,1230.0,1265.0,1205.0,1264.0,290300.0,1264.0
574,2018-05-11,1264.0,1310.0,1261.0,1310.0,308900.0,1310.0
575,2018-05-14,1454.0,1455.0,1333.0,1383.0,731500.0,1383.0
576,2018-05-15,1410.0,1496.0,1406.0,1451.0,835000.0,1451.0
577,2018-05-16,1435.0,1451.0,1423.0,1423.0,241100.0,1423.0
578,2018-05-17,1418.0,1418.0,1383.0,1411.0,259600.0,1411.0
579,2018-05-18,1418.0,1420.0,1402.0,1405.0,107500.0,1405.0
580,2018-05-21,1407.0,1417.0,1397.0,1410.0,118200.0,1410.0
581,2018-05-22,1410.0,1433.0,1389.0,1429.0,201600.0,1429.0
582,2018-05-23,1434.0,1477.0,1432.0,1462.0,252600.0,1462.0
583,2018-05-24,1460.0,1477.0,1448.0,1470.0,175800.0,1470.0
584,2018-05-25,1448.0,1465.0,1428.0,1457.0,245700.0,1457.0
585,2018-05-28,1457.0,1458.0,1412.0,1429.0,324200.0,1429.0
586,2018-05-29,1450.0,1454.0,1429.0,1445.0,196700.0,1445.0
587,2018-05-30,1421.0,1439.0,1397.0,1420.0,261100.0,1420.0
588,2018-05-31,1434.0,1445.0,1396.0,1404.0,377000.0,1404.0
589,2018-06-01,1399.0,1403.0,1380.0,1395.0,289300.0,1395.0
590,2018-06-04,1413.0,1427.0,1406.0,1424.0,142400.0,1424.0
591,2018-06-05,1427.0,1461.0,1425.0,1458.0,165000.0,1458.0
592,2018-06-06,1451.0,1460.0,1435.0,1456.0,101500.0,1456.0
593,2018-06-07,1486.0,1495.0,1439.0,1443.0,551700.0,1443.0
594,2018-06-08,1454.0,1465.0,1437.0,1454.0,442500.0,1454.0
595,2018-06-11,1459.0,1490.0,1442.0,1484.0,258100.0,1484.0
596,2018-06-12,1493.0,1508.0,1487.0,1500.0,291200.0,1500.0
597,2018-06-13,1501.0,1519.0,1495.0,1499.0,265600.0,1499.0
598,2018-06-14,1490.0,1501.0,1485.0,1494.0,146900.0,1494.0
599,2018-06-15,1514.0,1524.0,1504.0,1511.0,199900.0,1511.0
600,2018-06-18,1514.0,1528.0,1498.0,1507.0,194600.0,1507.0
601,2018-06-19,1495.0,1495.0,1436.0,1438.0,208300.0,1438.0
602,2018-06-20,1441.0,1442.0,1403.0,1413.0,227600.0,1413.0
603,2018-06-21,1411.0,1412.0,1388.0,1388.0,195600.0,1388.0
604,2018-06-22,1389.0,1415.0,1389.0,1415.0,338900.0,1415.0
605,2018-06-25,1399.0,1411.0,1369.0,1383.0,349300.0,1383.0
606,2018-06-26,1379.0,1379.0,1354.0,1371.0,208900.0,1371.0
607,2018-06-27,1373.0,1387.0,1356.0,1376.0,151600.0,1376.0
608,2018-06-28,1387.0,1387.0,1351.0,1368.0,213700.0,1368.0
609,2018-06-29,1395.0,1404.0,1380.0,1397.0,323800.0,1397.0
610,2018-07-02,1397.0,1400.0,1335.0,1338.0,298700.0,1338.0
611,2018-07-03,1339.0,1360.0,1295.0,1301.0,297300.0,1301.0
612,2018-07-04,1291.0,1319.0,1287.0,1314.0,134100.0,1314.0
613,2018-07-05,1330.0,1335.0,1297.0,1299.0,193800.0,1299.0
614,2018-07-06,1316.0,1353.0,1316.0,1347.0,384500.0,1347.0
615,2018-07-09,1365.0,1367.0,1344.0,1364.0,294300.0,1364.0
616,2018-07-10,1374.0,1383.0,1359.0,1364.0,303400.0,1364.0
617,2018-07-11,1360.0,1370.0,1348.0,1360.0,170000.0,1360.0
618,2018-07-12,1381.0,1403.0,1377.0,1379.0,274400.0,1379.0
619,2018-07-13,1388.0,1398.0,1367.0,1369.0,224000.0,1369.0
620,2018-07-17,1409.0,1417.0,1389.0,1392.0,252900.0,1392.0
621,2018-07-18,1349.0,1378.0,1335.0,1340.0,305400.0,1340.0
622,2018-07-19,1354.0,1374.0,1345.0,1371.0,268800.0,1371.0
623,2018-07-20,1362.0,1381.0,1344.0,1357.0,197300.0,1357.0
624,2018-07-23,1340.0,1350.0,1324.0,1326.0,139500.0,1326.0
625,2018-07-24,1318.0,1325.0,1299.0,1305.0,193000.0,1305.0
626,2018-07-25,1314.0,1323.0,1311.0,1323.0,106700.0,1323.0
627,2018-07-26,1330.0,1347.0,1322.0,1344.0,148300.0,1344.0
628,2018-07-27,1350.0,1353.0,1338.0,1347.0,121600.0,1347.0
629,2018-07-30,1346.0,1346.0,1318.0,1320.0,129000.0,1320.0
630,2018-07-31,1310.0,1324.0,1296.0,1302.0,392100.0,1302.0
631,2018-08-01,1302.0,1309.0,1235.0,1235.0,401100.0,1235.0
632,2018-08-02,1235.0,1247.0,1203.0,1203.0,348000.0,1203.0
633,2018-08-03,1198.0,1204.0,1182.0,1186.0,206000.0,1186.0
634,2018-08-06,1190.0,1195.0,1183.0,1189.0,134400.0,1189.0
635,2018-08-07,1198.0,1203.0,1187.0,1201.0,103400.0,1201.0
636,2018-08-08,1190.0,1202.0,1190.0,1197.0,227100.0,1197.0
637,2018-08-09,1196.0,1201.0,1182.0,1198.0,157200.0,1198.0
638,2018-08-10,1206.0,1206.0,1182.0,1185.0,144600.0,1185.0
639,2018-08-13,1178.0,1178.0,1143.0,1146.0,164700.0,1146.0
640,2018-08-14,1158.0,1173.0,1152.0,1172.0,138800.0,1172.0
641,2018-08-15,1163.0,1172.0,1140.0,1147.0,114400.0,1147.0
642,2018-08-16,1127.0,1132.0,1111.0,1116.0,134800.0,1116.0
643,2018-08-17,1127.0,1153.0,1123.0,1152.0,205200.0,1152.0
644,2018-08-20,1140.0,1149.0,1126.0,1128.0,106900.0,1128.0
645,2018-08-21,1157.0,1181.0,1148.0,1176.0,309500.0,1176.0
646,2018-08-22,1189.0,1222.0,1180.0,1213.0,279200.0,1213.0
647,2018-08-23,1213.0,1224.0,1191.0,1222.0,208200.0,1222.0
648,2018-08-24,1237.0,1248.0,1217.0,1245.0,161900.0,1245.0
649,2018-08-27,1253.0,1261.0,1241.0,1254.0,214000.0,1254.0
650,2018-08-28,1260.0,1261.0,1226.0,1232.0,176300.0,1232.0
651,2018-08-29,1236.0,1236.0,1219.0,1221.0,170200.0,1221.0
652,2018-08-30,1227.0,1230.0,1215.0,1230.0,144000.0,1230.0
653,2018-08-31,1220.0,1225.0,1217.0,1224.0,255500.0,1224.0
654,2018-09-03,1224.0,1231.0,1198.0,1210.0,156600.0,1210.0
655,2018-09-04,1199.0,1202.0,1178.0,1193.0,235000.0,1193.0
656,2018-09-05,1194.0,1196.0,1177.0,1180.0,157500.0,1180.0
657,2018-09-06,1165.0,1171.0,1154.0,1161.0,117000.0,1161.0
658,2018-09-07,1136.0,1159.0,1134.0,1153.0,158000.0,1153.0
659,2018-09-10,1153.0,1166.0,1147.0,1149.0,156700.0,1149.0
660,2018-09-11,1154.0,1156.0,1140.0,1147.0,130200.0,1147.0
661,2018-09-12,1150.0,1155.0,1128.0,1139.0,109800.0,1139.0
662,2018-09-13,1141.0,1165.0,1141.0,1156.0,114900.0,1156.0
663,2018-09-14,1168.0,1184.0,1167.0,1179.0,184900.0,1179.0
664,2018-09-18,1173.0,1217.0,1170.0,1204.0,183600.0,1204.0
665,2018-09-19,1178.0,1212.0,1159.0,1202.0,490900.0,1202.0
666,2018-09-20,1207.0,1249.0,1204.0,1229.0,402600.0,1229.0
667,2018-09-21,1233.0,1244.0,1215.0,1243.0,305200.0,1243.0
668,2018-09-25,1250.0,1283.0,1250.0,1282.0,534200.0,1282.0
669,2018-09-26,1282.0,1305.0,1279.0,1300.0,344600.0,1300.0
670,2018-09-27,1305.0,1334.0,1300.0,1311.0,287400.0,1311.0
671,2018-09-28,1324.0,1357.0,1318.0,1342.0,355900.0,1342.0
672,2018-10-01,1348.0,1349.0,1305.0,1318.0,301200.0,1318.0
673,2018-10-02,1330.0,1350.0,1328.0,1342.0,258800.0,1342.0
674,2018-10-03,1339.0,1342.0,1308.0,1312.0,231100.0,1312.0
675,2018-10-04,1312.0,1329.0,1298.0,1323.0,259800.0,1323.0
676,2018-10-05,1323.0,1343.0,1313.0,1320.0,245100.0,1320.0
677,2018-10-09,1317.0,1320.0,1284.0,1295.0,204000.0,1295.0
678,2018-10-10,1296.0,1324.0,1293.0,1310.0,277200.0,1310.0
679,2018-10-11,1250.0,1269.0,1235.0,1247.0,313000.0,1247.0
680,2018-10-12,1229.0,1274.0,1228.0,1256.0,287400.0,1256.0
681,2018-10-15,1285.0,1299.0,1260.0,1262.0,312300.0,1262.0
682,2018-10-16,1142.0,1205.0,1138.0,1179.0,637900.0,1179.0
683,2018-10-17,1201.0,1232.0,1182.0,1227.0,295600.0,1227.0
684,2018-10-18,1228.0,1244.0,1213.0,1224.0,156900.0,1224.0
685,2018-10-19,1209.0,1214.0,1178.0,1192.0,177200.0,1192.0
686,2018-10-22,1173.0,1178.0,1150.0,1172.0,318500.0,1172.0
687,2018-10-23,1163.0,1166.0,1128.0,1134.0,310500.0,1134.0
688,2018-10-24,1137.0,1152.0,1132.0,1138.0,241300.0,1138.0
689,2018-10-25,1108.0,1110.0,1055.0,1058.0,373100.0,1058.0
690,2018-10-26,1059.0,1067.0,1027.0,1036.0,376200.0,1036.0
691,2018-10-29,1037.0,1064.0,1015.0,1018.0,234500.0,1018.0
692,2018-10-30,1008.0,1061.0,1003.0,1056.0,265500.0,1056.0
693,2018-10-31,1116.0,1159.0,1091.0,1121.0,636300.0,1121.0
694,2018-11-01,1009.0,1078.0,1006.0,1051.0,481300.0,1051.0
695,2018-11-02,1048.0,1082.0,1045.0,1082.0,266200.0,1082.0
696,2018-11-05,1108.0,1148.0,1108.0,1143.0,429800.0,1143.0
697,2018-11-06,1143.0,1148.0,1112.0,1120.0,205100.0,1120.0
698,2018-11-07,1126.0,1174.0,1119.0,1135.0,253400.0,1135.0
699,2018-11-08,1171.0,1183.0,1156.0,1173.0,139900.0,1173.0
700,2018-11-09,1173.0,1183.0,1159.0,1175.0,105300.0,1175.0
701,2018-11-12,1174.0,1197.0,1153.0,1193.0,164300.0,1193.0
702,2018-11-13,1172.0,1176.0,1137.0,1171.0,166400.0,1171.0
703,2018-11-14,1183.0,1201.0,1173.0,1192.0,289600.0,1192.0
704,2018-11-15,1189.0,1200.0,1175.0,1179.0,107400.0,1179.0
705,2018-11-16,1195.0,1231.0,1186.0,1207.0,256400.0,1207.0
706,2018-11-19,1198.0,1220.0,1194.0,1201.0,120100.0,1201.0
707,2018-11-20,1185.0,1203.0,1174.0,1195.0,120600.0,1195.0
708,2018-11-21,1161.0,1198.0,1155.0,1188.0,154000.0,1188.0
709,2018-11-22,1190.0,1192.0,1158.0,1182.0,291700.0,1182.0
710,2018-11-26,1186.0,1225.0,1186.0,1221.0,266700.0,1221.0
711,2018-11-27,1221.0,1221.0,1203.0,1220.0,193800.0,1220.0
712,2018-11-28,1220.0,1234.0,1216.0,1232.0,230000.0,1232.0
713,2018-11-29,1250.0,1270.0,1240.0,1261.0,154100.0,1261.0
714,2018-11-30,1267.0,1285.0,1250.0,1279.0,304700.0,1279.0
715,2018-12-03,1298.0,1298.0,1243.0,1243.0,244800.0,1243.0
716,2018-12-04,1225.0,1225.0,1164.0,1171.0,267200.0,1171.0
717,2018-12-05,1147.0,1187.0,1147.0,1166.0,141200.0,1166.0
718,2018-12-06,1156.0,1181.0,1149.0,1180.0,177800.0,1180.0
719,2018-12-07,1184.0,1193.0,1139.0,1143.0,256200.0,1143.0
720,2018-12-10,1123.0,1124.0,1067.0,1073.0,232600.0,1073.0
721,2018-12-11,1054.0,1062.0,1038.0,1043.0,145600.0,1043.0
722,2018-12-12,1046.0,1058.0,1042.0,1056.0,232300.0,1056.0
723,2018-12-13,1067.0,1100.0,1062.0,1095.0,199600.0,1095.0
724,2018-12-14,1087.0,1087.0,1048.0,1052.0,187000.0,1052.0
725,2018-12-17,1040.0,1051.0,1022.0,1028.0,163800.0,1028.0
726,2018-12-18,1010.0,1028.0,991.0,1015.0,281100.0,1015.0
727,2018-12-19,1020.0,1066.0,1020.0,1058.0,324000.0,1058.0
728,2018-12-20,1038.0,1055.0,1034.0,1050.0,480000.0,1050.0
729,2018-12-21,1045.0,1047.0,967.0,987.0,404500.0,987.0
730,2018-12-25,972.0,972.0,917.0,919.0,176900.0,919.0
731,2018-12-26,931.0,952.0,914.0,928.0,250800.0,928.0
732,2018-12-27,950.0,1009.0,950.0,1008.0,198500.0,1008.0
733,2018-12-28,1007.0,1016.0,992.0,1001.0,160300.0,1001.0
734,2019-01-04,971.0,988.0,932.0,964.0,296500.0,964.0
735,2019-01-07,992.0,992.0,970.0,981.0,239000.0,981.0
736,2019-01-08,967.0,975.0,957.0,964.0,342600.0,964.0
737,2019-01-09,961.0,1021.0,955.0,1004.0,383200.0,1004.0
738,2019-01-10,992.0,992.0,966.0,977.0,222200.0,977.0
739,2019-01-11,983.0,1005.0,975.0,976.0,237000.0,976.0
740,2019-01-15,951.0,975.0,927.0,970.0,208900.0,970.0
741,2019-01-16,969.0,999.0,960.0,991.0,203800.0,991.0
742,2019-01-17,1033.0,1074.0,1022.0,1047.0,530000.0,1047.0
743,2019-01-18,1027.0,1038.0,1017.0,1021.0,285200.0,1021.0
744,2019-01-21,1022.0,1040.0,1004.0,1030.0,187400.0,1030.0
745,2019-01-22,1024.0,1030.0,1014.0,1021.0,103600.0,1021.0
746,2019-01-23,1000.0,1024.0,992.0,1018.0,200100.0,1018.0
747,2019-01-24,1000.0,1024.0,995.0,1016.0,169900.0,1016.0
748,2019-01-25,1009.0,1039.0,1003.0,1023.0,139000.0,1023.0
749,2019-01-28,1023.0,1043.0,1012.0,1022.0,204200.0,1022.0
750,2019-01-29,1008.0,1031.0,995.0,1025.0,202200.0,1025.0
751,2019-01-30,1024.0,1028.0,994.0,995.0,267900.0,995.0
752,2019-01-31,1001.0,1042.0,996.0,1027.0,286900.0,1027.0
753,2019-02-01,892.0,924.0,880.0,882.0,802700.0,882.0
754,2019-02-04,875.0,905.0,872.0,885.0,413700.0,885.0
755,2019-02-05,900.0,901.0,866.0,874.0,547100.0,874.0
756,2019-02-06,877.0,904.0,873.0,901.0,438500.0,901.0
757,2019-02-07,896.0,898.0,863.0,866.0,493800.0,866.0
758,2019-02-08,852.0,868.0,841.0,865.0,261000.0,865.0
759,2019-02-12,850.0,868.0,845.0,853.0,311100.0,853.0
760,2019-02-13,864.0,880.0,860.0,875.0,212500.0,875.0
761,2019-02-14,884.0,898.0,882.0,889.0,300300.0,889.0
762,2019-02-15,880.0,881.0,862.0,867.0,216600.0,867.0
763,2019-02-18,876.0,893.0,871.0,889.0,176800.0,889.0
764,2019-02-19,897.0,902.0,889.0,898.0,122800.0,898.0
765,2019-02-20,899.0,917.0,899.0,909.0,284300.0,909.0
766,2019-02-21,912.0,917.0,896.0,904.0,225000.0,904.0
767,2019-02-22,899.0,909.0,896.0,898.0,151800.0,898.0
768,2019-02-25,903.0,918.0,902.0,913.0,151400.0,913.0
769,2019-02-26,913.0,915.0,905.0,912.0,147300.0,912.0
770,2019-02-27,918.0,943.0,916.0,925.0,451800.0,925.0
771,2019-02-28,931.0,932.0,908.0,916.0,231800.0,916.0
772,2019-03-01,912.0,930.0,912.0,919.0,136800.0,919.0
773,2019-03-04,932.0,936.0,920.0,923.0,88900.0,923.0
774,2019-03-05,914.0,923.0,908.0,922.0,113200.0,922.0
775,2019-03-06,920.0,920.0,903.0,910.0,186100.0,910.0
776,2019-03-07,901.0,918.0,901.0,914.0,156700.0,914.0
777,2019-03-08,899.0,908.0,877.0,887.0,218800.0,887.0
778,2019-03-11,884.0,894.0,871.0,891.0,146200.0,891.0
779,2019-03-12,902.0,911.0,897.0,907.0,152800.0,907.0
780,2019-03-13,904.0,918.0,890.0,900.0,148800.0,900.0
781,2019-03-14,903.0,903.0,879.0,880.0,218500.0,880.0
782,2019-03-15,879.0,889.0,872.0,877.0,194300.0,877.0
783,2019-03-18,888.0,910.0,888.0,900.0,217900.0,900.0
784,2019-03-19,894.0,894.0,874.0,886.0,264500.0,886.0
785,2019-03-20,887.0,909.0,879.0,903.0,266900.0,903.0
786,2019-03-22,907.0,930.0,898.0,930.0,386100.0,930.0
787,2019-03-25,903.0,904.0,865.0,869.0,376500.0,869.0
788,2019-03-26,875.0,904.0,863.0,898.0,454600.0,898.0
789,2019-03-27,892.0,897.0,883.0,887.0,180000.0,887.0
790,2019-03-28,876.0,877.0,850.0,853.0,265500.0,853.0
791,2019-03-29,857.0,872.0,853.0,858.0,289400.0,858.0
792,2019-04-01,867.0,883.0,855.0,863.0,408800.0,863.0
793,2019-04-02,872.0,884.0,863.0,867.0,227400.0,867.0
794,2019-04-03,861.0,873.0,854.0,873.0,261900.0,873.0
795,2019-04-04,878.0,884.0,865.0,877.0,145900.0,877.0
796,2019-04-05,876.0,896.0,875.0,895.0,170600.0,895.0
797,2019-04-08,900.0,902.0,875.0,877.0,152100.0,877.0
798,2019-04-09,877.0,882.0,859.0,865.0,141100.0,865.0
799,2019-04-10,860.0,871.0,851.0,854.0,161200.0,854.0
800,2019-04-11,854.0,856.0,842.0,855.0,139200.0,855.0
801,2019-04-12,858.0,861.0,842.0,842.0,123800.0,842.0
802,2019-04-15,857.0,869.0,852.0,864.0,184400.0,864.0
803,2019-04-16,868.0,880.0,862.0,864.0,117500.0,864.0
804,2019-04-17,866.0,880.0,865.0,875.0,163300.0,875.0
805,2019-04-18,878.0,880.0,857.0,860.0,210000.0,860.0
806,2019-04-19,860.0,865.0,825.0,833.0,239200.0,833.0
807,2019-04-22,834.0,836.0,815.0,833.0,183300.0,833.0
808,2019-04-23,829.0,844.0,825.0,844.0,126400.0,844.0
809,2019-04-24,845.0,846.0,826.0,831.0,117200.0,831.0
810,2019-04-25,831.0,838.0,824.0,835.0,147600.0,835.0
811,2019-04-26,836.0,839.0,821.0,836.0,99500.0,836.0
812,2019-05-07,841.0,867.0,833.0,840.0,213400.0,840.0
813,2019-05-08,820.0,844.0,819.0,841.0,373800.0,841.0
814,2019-05-09,826.0,848.0,826.0,844.0,369000.0,844.0
815,2019-05-10,841.0,853.0,831.0,841.0,293500.0,841.0
816,2019-05-13,842.0,862.0,822.0,828.0,340600.0,828.0
817,2019-05-14,798.0,818.0,771.0,814.0,259500.0,814.0
818,2019-05-15,819.0,824.0,807.0,816.0,169200.0,816.0
819,2019-05-16,820.0,821.0,802.0,804.0,181100.0,804.0
820,2019-05-17,806.0,818.0,802.0,814.0,200100.0,814.0
821,2019-05-20,810.0,817.0,797.0,797.0,146900.0,797.0
822,2019-05-21,789.0,800.0,781.0,794.0,168600.0,794.0
823,2019-05-22,800.0,812.0,798.0,803.0,259000.0,803.0
824,2019-05-23,805.0,818.0,802.0,805.0,197000.0,805.0
825,2019-05-24,801.0,810.0,794.0,800.0,185100.0,800.0
826,2019-05-27,804.0,808.0,798.0,803.0,112200.0,803.0
827,2019-05-28,800.0,801.0,781.0,788.0,284100.0,788.0
828,2019-05-29,776.0,778.0,758.0,767.0,336200.0,767.0
829,2019-05-30,759.0,764.0,754.0,759.0,170200.0,759.0
830,2019-05-31,755.0,771.0,755.0,762.0,146900.0,762.0
831,2019-06-03,756.0,758.0,736.0,737.0,197200.0,737.0
832,2019-06-04,736.0,739.0,717.0,720.0,248700.0,720.0
833,2019-06-05,730.0,747.0,719.0,746.0,248400.0,746.0
834,2019-06-06,740.0,746.0,734.0,734.0,108100.0,734.0
835,2019-06-07,734.0,743.0,730.0,737.0,127900.0,737.0
836,2019-06-10,748.0,750.0,739.0,746.0,139800.0,746.0
837,2019-06-11,750.0,763.0,741.0,756.0,163200.0,756.0
838,2019-06-12,761.0,785.0,759.0,774.0,151600.0,774.0
839,2019-06-13,771.0,774.0,746.0,751.0,135600.0,751.0
840,2019-06-14,754.0,756.0,743.0,749.0,151700.0,749.0
841,2019-06-17,748.0,753.0,738.0,739.0,137200.0,739.0
842,2019-06-18,736.0,736.0,703.0,705.0,276500.0,705.0
843,2019-06-19,711.0,727.0,703.0,723.0,250800.0,723.0
844,2019-06-20,723.0,738.0,722.0,732.0,120400.0,732.0
845,2019-06-21,732.0,735.0,726.0,728.0,322000.0,728.0
846,2019-06-24,725.0,730.0,722.0,725.0,76400.0,725.0
847,2019-06-25,736.0,742.0,720.0,720.0,190500.0,720.0
848,2019-06-26,719.0,728.0,717.0,720.0,109500.0,720.0
849,2019-06-27,725.0,743.0,725.0,742.0,121000.0,742.0
850,2019-06-28,742.0,745.0,734.0,735.0,103000.0,735.0
851,2019-07-01,748.0,749.0,720.0,740.0,263900.0,740.0
852,2019-07-02,740.0,758.0,740.0,749.0,126700.0,749.0
853,2019-07-03,753.0,757.0,747.0,757.0,122000.0,757.0
854,2019-07-04,761.0,771.0,760.0,769.0,119200.0,769.0
855,2019-07-05,772.0,773.0,757.0,762.0,147900.0,762.0
856,2019-07-08,768.0,771.0,760.0,760.0,128200.0,760.0
857,2019-07-09,760.0,770.0,753.0,755.0,95000.0,755.0
858,2019-07-10,753.0,758.0,747.0,751.0,123600.0,751.0
859,2019-07-11,752.0,754.0,743.0,745.0,140600.0,745.0
860,2019-07-12,744.0,751.0,735.0,735.0,115300.0,735.0
861,2019-07-16,738.0,738.0,717.0,724.0,144900.0,724.0
862,2019-07-17,718.0,721.0,711.0,712.0,165300.0,712.0
863,2019-07-18,710.0,710.0,683.0,684.0,257000.0,684.0
864,2019-07-19,689.0,693.0,684.0,689.0,215200.0,689.0
865,2019-07-22,692.0,699.0,686.0,696.0,164900.0,696.0
866,2019-07-23,692.0,698.0,690.0,698.0,224300.0,698.0
867,2019-07-24,700.0,705.0,697.0,703.0,225700.0,703.0
868,2019-07-25,702.0,707.0,699.0,701.0,155700.0,701.0
869,2019-07-26,699.0,700.0,685.0,687.0,238500.0,687.0
870,2019-07-29,689.0,704.0,689.0,702.0,172000.0,702.0
871,2019-07-30,708.0,714.0,706.0,712.0,212600.0,712.0
872,2019-07-31,708.0,713.0,696.0,708.0,358000.0,708.0
873,2019-08-01,680.0,694.0,635.0,671.0,493100.0,671.0
874,2019-08-02,661.0,679.0,645.0,650.0,242400.0,650.0
875,2019-08-05,645.0,653.0,621.0,637.0,299400.0,637.0
876,2019-08-06,612.0,627.0,610.0,625.0,222500.0,625.0
877,2019-08-07,622.0,632.0,618.0,625.0,206100.0,625.0
878,2019-08-08,626.0,637.0,617.0,630.0,143400.0,630.0
879,2019-08-09,636.0,636.0,619.0,620.0,88100.0,620.0
880,2019-08-13,619.0,629.0,608.0,627.0,359900.0,627.0
881,2019-08-14,630.0,639.0,627.0,633.0,188800.0,633.0
882,2019-08-15,614.0,618.0,609.0,611.0,155400.0,611.0
883,2019-08-16,610.0,622.0,607.0,615.0,85600.0,615.0
884,2019-08-19,615.0,622.0,612.0,617.0,90200.0,617.0
885,2019-08-20,617.0,626.0,616.0,625.0,67200.0,625.0
886,2019-08-21,619.0,620.0,609.0,609.0,109800.0,609.0
887,2019-08-22,614.0,614.0,603.0,606.0,123500.0,606.0
888,2019-08-23,611.0,618.0,610.0,611.0,100100.0,611.0
889,2019-08-26,601.0,604.0,585.0,590.0,176700.0,590.0
890,2019-08-27,600.0,614.0,599.0,606.0,104000.0,606.0
891,2019-08-28,608.0,612.0,595.0,599.0,116800.0,599.0
892,2019-08-29,604.0,607.0,597.0,604.0,82100.0,604.0
893,2019-08-30,612.0,631.0,611.0,629.0,175900.0,629.0
894,2019-09-02,639.0,647.0,636.0,637.0,283600.0,637.0
895,2019-09-03,641.0,660.0,641.0,657.0,221600.0,657.0
896,2019-09-04,657.0,666.0,654.0,663.0,297200.0,663.0
897,2019-09-05,667.0,699.0,662.0,688.0,321900.0,688.0
898,2019-09-06,695.0,709.0,686.0,700.0,279900.0,700.0
899,2019-09-09,699.0,726.0,697.0,717.0,255900.0,717.0
900,2019-09-10,717.0,726.0,716.0,721.0,219100.0,721.0
901,2019-09-11,722.0,735.0,718.0,731.0,200600.0,731.0
902,2019-09-12,725.0,732.0,720.0,720.0,251700.0,720.0
903,2019-09-13,722.0,722.0,706.0,717.0,280200.0,717.0
904,2019-09-17,717.0,725.0,714.0,721.0,197000.0,721.0
905,2019-09-18,719.0,719.0,698.0,702.0,227500.0,702.0
906,2019-09-19,700.0,724.0,700.0,721.0,229000.0,721.0
907,2019-09-20,721.0,722.0,715.0,721.0,295400.0,721.0
908,2019-09-24,721.0,721.0,704.0,713.0,476200.0,713.0
909,2019-09-25,712.0,720.0,705.0,709.0,298300.0,709.0
910,2019-09-26,713.0,725.0,712.0,717.0,583800.0,717.0
911,2019-09-27,706.0,710.0,686.0,692.0,286800.0,692.0
912,2019-09-30,682.0,692.0,672.0,686.0,247300.0,686.0
913,2019-10-01,689.0,699.0,686.0,688.0,148000.0,688.0
914,2019-10-02,682.0,686.0,679.0,685.0,155200.0,685.0
915,2019-10-03,670.0,671.0,664.0,668.0,133200.0,668.0
916,2019-10-04,666.0,670.0,658.0,670.0,108900.0,670.0
917,2019-10-07,664.0,671.0,662.0,671.0,134500.0,671.0
918,2019-10-08,670.0,686.0,669.0,686.0,272900.0,686.0
919,2019-10-09,685.0,690.0,674.0,688.0,138300.0,688.0
920,2019-10-10,693.0,694.0,678.0,691.0,126300.0,691.0
921,2019-10-11,687.0,687.0,677.0,683.0,107600.0,683.0
922,2019-10-15,696.0,707.0,693.0,704.0,156400.0,704.0
923,2019-10-16,705.0,723.0,704.0,704.0,166000.0,704.0
924,2019-10-17,700.0,701.0,686.0,695.0,142600.0,695.0
925,2019-10-18,690.0,705.0,683.0,685.0,119700.0,685.0
926,2019-10-21,683.0,695.0,682.0,691.0,128000.0,691.0
927,2019-10-23,682.0,693.0,664.0,691.0,278800.0,691.0
928,2019-10-24,694.0,702.0,688.0,696.0,125900.0,696.0
929,2019-10-25,699.0,711.0,699.0,709.0,172000.0,709.0
930,2019-10-28,708.0,712.0,699.0,700.0,138300.0,700.0
931,2019-10-29,707.0,718.0,703.0,713.0,152900.0,713.0
932,2019-10-30,705.0,721.0,695.0,720.0,401800.0,720.0
933,2019-10-31,705.0,717.0,702.0,710.0,201900.0,710.0
934,2019-11-01,705.0,731.0,700.0,728.0,319000.0,728.0
935,2019-11-05,726.0,745.0,726.0,743.0,274800.0,743.0
936,2019-11-06,743.0,746.0,727.0,745.0,272500.0,745.0
937,2019-11-07,743.0,743.0,726.0,742.0,164100.0,742.0
938,2019-11-08,749.0,757.0,745.0,751.0,277700.0,751.0
939,2019-11-11,755.0,764.0,750.0,753.0,177200.0,753.0
940,2019-11-12,760.0,760.0,748.0,760.0,142900.0,760.0
941,2019-11-13,759.0,759.0,741.0,742.0,102800.0,742.0
942,2019-11-14,742.0,742.0,726.0,727.0,129800.0,727.0
943,2019-11-15,732.0,749.0,730.0,739.0,111900.0,739.0
944,2019-11-18,741.0,741.0,726.0,730.0,98400.0,730.0
945,2019-11-19,731.0,734.0,726.0,731.0,112900.0,731.0
946,2019-11-20,726.0,729.0,712.0,717.0,143900.0,717.0
947,2019-11-21,721.0,725.0,700.0,714.0,213000.0,714.0
948,2019-11-22,721.0,730.0,714.0,715.0,151500.0,715.0
949,2019-11-25,728.0,728.0,712.0,716.0,118900.0,716.0
950,2019-11-26,720.0,720.0,708.0,711.0,176400.0,711.0
951,2019-11-27,712.0,722.0,709.0,718.0,97800.0,718.0
952,2019-11-28,722.0,722.0,710.0,711.0,93700.0,711.0
953,2019-11-29,712.0,712.0,703.0,706.0,102900.0,706.0
954,2019-12-02,705.0,713.0,704.0,712.0,145300.0,712.0
955,2019-12-03,706.0,707.0,698.0,704.0,113500.0,704.0
956,2019-12-04,696.0,705.0,691.0,704.0,127600.0,704.0
957,2019-12-05,702.0,712.0,702.0,712.0,102400.0,712.0
958,2019-12-06,712.0,716.0,709.0,712.0,108600.0,712.0
959,2019-12-09,717.0,723.0,713.0,713.0,117600.0,713.0
960,2019-12-10,712.0,721.0,711.0,718.0,112800.0,718.0
961,2019-12-11,716.0,716.0,705.0,707.0,125600.0,707.0
962,2019-12-12,713.0,715.0,697.0,698.0,129600.0,698.0
963,2019-12-13,708.0,716.0,701.0,705.0,237600.0,705.0
964,2019-12-16,708.0,711.0,701.0,701.0,107800.0,701.0
965,2019-12-17,710.0,720.0,705.0,718.0,148400.0,718.0
966,2019-12-18,718.0,724.0,712.0,717.0,127900.0,717.0
967,2019-12-19,714.0,721.0,713.0,717.0,102200.0,717.0
968,2019-12-20,718.0,729.0,716.0,722.0,340100.0,722.0
969,2019-12-23,728.0,728.0,718.0,718.0,92900.0,718.0
970,2019-12-24,720.0,726.0,719.0,723.0,123600.0,723.0
971,2019-12-25,723.0,723.0,704.0,709.0,112500.0,709.0
972,2019-12-26,709.0,715.0,708.0,714.0,127000.0,714.0
973,2019-12-27,722.0,743.0,722.0,729.0,242900.0,729.0
974,2019-12-30,723.0,723.0,712.0,712.0,85000.0,712.0
975,2020-01-06,701.0,705.0,683.0,703.0,282800.0,703.0
976,2020-01-07,705.0,715.0,703.0,706.0,127000.0,706.0
977,2020-01-08,699.0,699.0,681.0,689.0,292100.0,689.0
978,2020-01-09,699.0,702.0,691.0,695.0,116300.0,695.0
979,2020-01-10,703.0,703.0,694.0,696.0,125400.0,696.0
980,2020-01-14,696.0,696.0,688.0,689.0,130500.0,689.0
981,2020-01-15,683.0,693.0,683.0,690.0,104500.0,690.0
982,2020-01-16,688.0,693.0,683.0,690.0,100100.0,690.0
983,2020-01-17,692.0,692.0,686.0,687.0,124800.0,687.0
984,2020-01-20,688.0,690.0,686.0,687.0,64900.0,687.0
985,2020-01-21,689.0,690.0,680.0,684.0,138800.0,684.0
986,2020-01-22,685.0,686.0,677.0,684.0,114800.0,684.0
987,2020-01-23,686.0,689.0,676.0,684.0,121600.0,684.0
988,2020-01-24,680.0,680.0,672.0,672.0,138500.0,672.0
989,2020-01-27,665.0,665.0,651.0,652.0,133400.0,652.0
990,2020-01-28,649.0,649.0,635.0,641.0,125600.0,641.0
991,2020-01-29,641.0,646.0,640.0,645.0,118100.0,645.0
992,2020-01-30,643.0,649.0,625.0,631.0,138500.0,631.0
993,2020-01-31,630.0,636.0,626.0,627.0,116300.0,627.0
994,2020-02-03,620.0,623.0,612.0,618.0,216400.0,618.0
995,2020-02-04,613.0,630.0,613.0,628.0,116700.0,628.0
996,2020-02-05,637.0,650.0,634.0,643.0,180100.0,643.0
997,2020-02-06,650.0,660.0,648.0,657.0,164700.0,657.0
998,2020-02-07,658.0,658.0,648.0,648.0,83600.0,648.0
999,2020-02-10,645.0,650.0,641.0,647.0,88000.0,647.0
1000,2020-02-12,651.0,653.0,639.0,643.0,83000.0,643.0
1001,2020-02-13,644.0,644.0,634.0,638.0,82800.0,638.0
1002,2020-02-14,635.0,639.0,630.0,637.0,80400.0,637.0
1003,2020-02-17,634.0,635.0,621.0,622.0,111000.0,622.0
1004,2020-02-18,619.0,624.0,612.0,617.0,109900.0,617.0
1005,2020-02-19,619.0,626.0,619.0,620.0,78800.0,620.0
1006,2020-02-20,626.0,634.0,612.0,614.0,128000.0,614.0
1007,2020-02-21,615.0,624.0,612.0,614.0,146500.0,614.0
1008,2020-02-25,594.0,594.0,580.0,581.0,277300.0,581.0
1009,2020-02-26,571.0,580.0,568.0,576.0,198100.0,576.0
1010,2020-02-27,576.0,579.0,562.0,567.0,239800.0,567.0
1011,2020-02-28,550.0,557.0,538.0,542.0,296200.0,542.0
1012,2020-03-02,529.0,576.0,529.0,574.0,330800.0,574.0
1013,2020-03-03,588.0,589.0,555.0,555.0,191900.0,555.0
1014,2020-03-04,545.0,560.0,542.0,550.0,116400.0,550.0
1015,2020-03-05,560.0,560.0,542.0,550.0,325500.0,550.0
1016,2020-03-06,540.0,541.0,524.0,524.0,320000.0,524.0
1017,2020-03-09,514.0,516.0,494.0,500.0,385500.0,500.0
1018,2020-03-10,480.0,496.0,464.0,494.0,307900.0,494.0
1019,2020-03-11,494.0,505.0,483.0,483.0,259900.0,483.0
1020,2020-03-12,469.0,474.0,451.0,458.0,377800.0,458.0
1021,2020-03-13,432.0,441.0,410.0,425.0,471300.0,425.0
1022,2020-03-16,433.0,443.0,425.0,427.0,389500.0,427.0
1023,2020-03-17,408.0,442.0,407.0,438.0,368400.0,438.0
1024,2020-03-18,443.0,450.0,429.0,431.0,462500.0,431.0
1025,2020-03-19,432.0,434.0,393.0,397.0,527500.0,397.0
1026,2020-03-23,404.0,435.0,399.0,430.0,397000.0,430.0
1027,2020-03-24,427.0,465.0,425.0,465.0,401300.0,465.0
1028,2020-03-25,505.0,506.0,476.0,492.0,295300.0,492.0
1029,2020-03-26,489.0,489.0,468.0,485.0,262600.0,485.0
1030,2020-03-27,498.0,530.0,489.0,530.0,489700.0,530.0
1031,2020-03-30,503.0,504.0,467.0,496.0,301400.0,496.0
1032,2020-03-31,497.0,497.0,480.0,481.0,113600.0,481.0
1033,2020-04-01,471.0,479.0,458.0,463.0,189000.0,463.0
1034,2020-04-02,456.0,468.0,444.0,465.0,248700.0,465.0
1035,2020-04-03,461.0,473.0,435.0,439.0,116700.0,439.0
1036,2020-04-06,432.0,464.0,426.0,457.0,138500.0,457.0
1037,2020-04-07,471.0,478.0,455.0,468.0,104600.0,468.0
1038,2020-04-08,468.0,474.0,438.0,470.0,202500.0,470.0
1039,2020-04-09,477.0,482.0,462.0,482.0,84600.0,482.0
1040,2020-04-10,482.0,493.0,466.0,491.0,128100.0,491.0
1041,2020-04-13,486.0,489.0,471.0,475.0,86700.0,475.0
1042,2020-04-14,474.0,483.0,465.0,483.0,87400.0,483.0
1043,2020-04-15,481.0,481.0,462.0,466.0,135800.0,466.0
1044,2020-04-16,461.0,478.0,461.0,478.0,132300.0,478.0
1045,2020-04-17,478.0,492.0,472.0,479.0,188400.0,479.0
1046,2020-04-20,478.0,481.0,471.0,476.0,93400.0,476.0
1047,2020-04-21,472.0,474.0,462.0,469.0,108300.0,469.0
1048,2020-04-22,467.0,467.0,457.0,459.0,109800.0,459.0
1049,2020-04-23,467.0,489.0,464.0,489.0,132100.0,489.0
1050,2020-04-24,487.0,487.0,477.0,482.0,85800.0,482.0
1051,2020-04-27,493.0,493.0,482.0,491.0,142700.0,491.0
1052,2020-04-28,491.0,494.0,485.0,494.0,151400.0,494.0
1053,2020-04-30,500.0,517.0,500.0,508.0,154200.0,508.0
1054,2020-05-01,504.0,504.0,488.0,490.0,97700.0,490.0
1055,2020-05-07,490.0,495.0,480.0,485.0,120600.0,485.0
1056,2020-05-08,487.0,502.0,483.0,502.0,139100.0,502.0
1057,2020-05-11,503.0,522.0,503.0,522.0,105800.0,522.0
1058,2020-05-12,525.0,525.0,509.0,512.0,62300.0,512.0
1059,2020-05-13,505.0,513.0,501.0,511.0,82800.0,511.0
1060,2020-05-14,491.0,491.0,461.0,461.0,239600.0,461.0
1061,2020-05-15,469.0,475.0,462.0,471.0,92000.0,471.0
1062,2020-05-18,471.0,471.0,460.0,467.0,94200.0,467.0
1063,2020-05-19,475.0,486.0,475.0,485.0,128700.0,485.0
1064,2020-05-20,485.0,485.0,478.0,484.0,92600.0,484.0
1065,2020-05-21,486.0,494.0,483.0,491.0,77200.0,491.0
1066,2020-05-22,493.0,498.0,486.0,498.0,97900.0,498.0
1067,2020-05-25,503.0,521.0,500.0,521.0,115000.0,521.0
1068,2020-05-26,530.0,543.0,521.0,543.0,177100.0,543.0
1069,2020-05-27,540.0,547.0,529.0,545.0,151800.0,545.0
1070,2020-05-28,550.0,550.0,530.0,543.0,180400.0,543.0
1071,2020-05-29,537.0,544.0,532.0,541.0,206200.0,541.0
1072,2020-06-01,541.0,564.0,541.0,562.0,193800.0,562.0
1073,2020-06-02,560.0,603.0,560.0,600.0,284600.0,600.0
1074,2020-06-03,605.0,608.0,594.0,602.0,297100.0,602.0
1075,2020-06-04,602.0,611.0,593.0,607.0,286600.0,607.0
1076,2020-06-05,604.0,618.0,595.0,611.0,153300.0,611.0
1077,2020-06-08,618.0,625.0,612.0,622.0,161400.0,622.0
1078,2020-06-09,625.0,627.0,615.0,621.0,135500.0,621.0
1079,2020-06-10,621.0,650.0,617.0,641.0,325100.0,641.0
1080,2020-06-11,635.0,639.0,626.0,626.0,251900.0,626.0
1081,2020-06-12,610.0,625.0,600.0,616.0,325300.0,616.0
1082,2020-06-15,626.0,631.0,609.0,609.0,359700.0,609.0
1083,2020-06-16,617.0,658.0,614.0,650.0,344300.0,650.0
1084,2020-06-17,649.0,668.0,638.0,666.0,443000.0,666.0
1085,2020-06-18,656.0,658.0,638.0,640.0,392400.0,640.0
1086,2020-06-19,639.0,640.0,625.0,628.0,310400.0,628.0
1087,2020-06-22,622.0,633.0,613.0,631.0,132500.0,631.0
1088,2020-06-23,633.0,644.0,628.0,638.0,138500.0,638.0
1089,2020-06-24,635.0,637.0,597.0,598.0,586800.0,598.0
1090,2020-06-25,597.0,613.0,595.0,611.0,312600.0,611.0
1091,2020-06-26,617.0,636.0,612.0,628.0,293800.0,628.0
1092,2020-06-29,626.0,630.0,612.0,614.0,240800.0,614.0
1093,2020-06-30,630.0,636.0,606.0,606.0,223600.0,606.0
1094,2020-07-01,609.0,627.0,608.0,609.0,200000.0,609.0
1095,2020-07-02,619.0,647.0,619.0,629.0,550900.0,629.0
1096,2020-07-03,637.0,666.0,637.0,648.0,517100.0,648.0
1097,2020-07-06,657.0,691.0,655.0,666.0,458700.0,666.0
1098,2020-07-07,660.0,661.0,635.0,640.0,292300.0,640.0
1099,2020-07-08,642.0,647.0,633.0,637.0,112600.0,637.0
1100,2020-07-09,644.0,649.0,623.0,637.0,243000.0,637.0
1101,2020-07-10,637.0,655.0,635.0,635.0,314900.0,635.0
1102,2020-07-13,635.0,655.0,635.0,646.0,230300.0,646.0
1103,2020-07-14,648.0,677.0,647.0,657.0,282300.0,657.0
1104,2020-07-15,664.0,692.0,664.0,686.0,300200.0,686.0
1105,2020-07-16,714.0,734.0,706.0,725.0,694200.0,725.0
1106,2020-07-17,711.0,729.0,711.0,720.0,311300.0,720.0
1107,2020-07-20,720.0,744.0,716.0,743.0,290400.0,743.0
1108,2020-07-21,745.0,748.0,728.0,732.0,195400.0,732.0
1109,2020-07-22,725.0,743.0,721.0,740.0,177300.0,740.0
1110,2020-07-27,740.0,770.0,735.0,768.0,463000.0,768.0
1111,2020-07-28,777.0,798.0,771.0,789.0,361600.0,789.0
1112,2020-07-29,785.0,788.0,767.0,780.0,219900.0,780.0
1113,2020-07-30,787.0,798.0,776.0,789.0,238700.0,789.0
1114,2020-07-31,788.0,792.0,749.0,749.0,338000.0,749.0
1115,2020-08-03,839.0,899.0,822.0,877.0,1268500.0,877.0
1116,2020-08-04,887.0,950.0,887.0,950.0,936700.0,950.0
1117,2020-08-05,937.0,950.0,921.0,936.0,478500.0,936.0
1118,2020-08-06,921.0,921.0,888.0,911.0,546800.0,911.0
1119,2020-08-07,903.0,918.0,880.0,900.0,397200.0,900.0
1120,2020-08-11,909.0,925.0,907.0,914.0,629500.0,914.0
1121,2020-08-12,920.0,942.0,913.0,918.0,415800.0,918.0
1122,2020-08-13,925.0,928.0,915.0,920.0,268100.0,920.0
1123,2020-08-14,920.0,945.0,911.0,921.0,219100.0,921.0
1124,2020-08-17,920.0,931.0,914.0,920.0,143200.0,920.0
1125,2020-08-18,961.0,1030.0,961.0,1012.0,1217300.0,1012.0
1126,2020-08-19,1024.0,1042.0,1002.0,1024.0,832100.0,1024.0
1127,2020-08-20,1015.0,1036.0,1007.0,1028.0,488700.0,1028.0
1128,2020-08-21,1040.0,1070.0,1039.0,1066.0,410500.0,1066.0
1129,2020-08-24,1069.0,1075.0,1046.0,1068.0,276600.0,1068.0
1130,2020-08-25,1075.0,1089.0,1060.0,1064.0,264900.0,1064.0
1131,2020-08-26,1048.0,1056.0,1024.0,1029.0,304100.0,1029.0
1132,2020-08-27,1036.0,1046.0,1025.0,1036.0,246600.0,1036.0
1133,2020-08-28,1022.0,1032.0,984.0,995.0,425100.0,995.0
1134,2020-08-31,1003.0,1022.0,1003.0,1015.0,279600.0,1015.0
1135,2020-09-01,1014.0,1022.0,1009.0,1016.0,184600.0,1016.0
1136,2020-09-02,1016.0,1038.0,1010.0,1026.0,317900.0,1026.0
1137,2020-09-03,1037.0,1058.0,1028.0,1050.0,414500.0,1050.0
1138,2020-09-04,1007.0,1033.0,997.0,1001.0,305500.0,1001.0
1139,2020-09-07,993.0,993.0,942.0,953.0,467700.0,953.0
1140,2020-09-08,959.0,971.0,951.0,966.0,216600.0,966.0
1141,2020-09-09,941.0,947.0,905.0,905.0,623100.0,905.0
1142,2020-09-10,916.0,933.0,906.0,907.0,448200.0,907.0
1143,2020-09-11,911.0,921.0,900.0,914.0,226900.0,914.0
1144,2020-09-14,912.0,953.0,904.0,932.0,515500.0,932.0
1145,2020-09-15,930.0,953.0,920.0,950.0,320200.0,950.0
1146,2020-09-16,975.0,994.0,961.0,968.0,416200.0,968.0
1147,2020-09-17,968.0,982.0,953.0,980.0,318400.0,980.0
1148,2020-09-18,980.0,982.0,964.0,964.0,260400.0,964.0
1149,2020-09-23,964.0,967.0,946.0,954.0,314800.0,954.0
1150,2020-09-24,946.0,955.0,929.0,933.0,312400.0,933.0
1151,2020-09-25,934.0,964.0,934.0,959.0,388500.0,959.0
1152,2020-09-28,974.0,978.0,954.0,975.0,730700.0,975.0
1153,2020-09-29,975.0,1009.0,969.0,1004.0,470200.0,1004.0
1154,2020-09-30,1000.0,1000.0,952.0,952.0,389900.0,952.0
1155,2020-10-02,970.0,974.0,921.0,930.0,381200.0,930.0
1156,2020-10-19,922.0,950.0,913.0,950.0,414100.0,950.0
1157,2020-10-20,960.0,1004.0,954.0,986.0,741400.0,986.0
1158,2020-10-21,992.0,1068.0,988.0,1057.0,797600.0,1057.0
1159,2020-10-22,1020.0,1043.0,984.0,994.0,755600.0,994.0
1160,2020-10-23,1003.0,1016.0,955.0,989.0,440900.0,989.0
1161,2020-10-26,987.0,995.0,969.0,970.0,268900.0,970.0
1162,2020-10-27,945.0,975.0,935.0,974.0,234700.0,974.0
1163,2020-10-28,960.0,975.0,952.0,968.0,217000.0,968.0
1164,2020-10-29,956.0,1000.0,953.0,989.0,382500.0,989.0
1165,2020-10-30,1000.0,1000.0,842.0,849.0,1855300.0,849.0
1166,2020-11-02,824.0,890.0,813.0,886.0,886400.0,886.0
1167,2020-11-04,900.0,916.0,871.0,872.0,535900.0,872.0
1168,2020-11-05,872.0,877.0,852.0,872.0,455500.0,872.0
1169,2020-11-06,872.0,887.0,866.0,873.0,210100.0,873.0
1170,2020-11-09,872.0,882.0,865.0,873.0,255800.0,873.0
1171,2020-11-10,874.0,877.0,848.0,853.0,516200.0,853.0
1172,2020-11-11,864.0,885.0,853.0,881.0,331000.0,881.0
1173,2020-11-12,875.0,884.0,851.0,858.0,344100.0,858.0
1174,2020-11-13,860.0,878.0,855.0,873.0,267600.0,873.0
1175,2020-11-16,885.0,912.0,885.0,894.0,419200.0,894.0
1176,2020-11-17,924.0,933.0,906.0,914.0,532400.0,914.0
1177,2020-11-18,916.0,935.0,903.0,914.0,302400.0,914.0
1178,2020-11-20,924.0,928.0,907.0,916.0,199600.0,916.0
1179,2020-11-24,921.0,973.0,921.0,969.0,507700.0,969.0
1180,2020-11-25,972.0,993.0,959.0,975.0,472100.0,975.0
1181,2020-11-26,983.0,990.0,963.0,965.0,259400.0,965.0
1182,2020-11-27,965.0,975.0,954.0,969.0,247800.0,969.0
1183,2020-11-30,969.0,970.0,956.0,956.0,272400.0,956.0
1184,2020-12-01,959.0,962.0,938.0,954.0,154000.0,954.0
1185,2020-12-02,960.0,963.0,928.0,929.0,282700.0,929.0
1186,2020-12-03,934.0,952.0,931.0,939.0,119500.0,939.0
1187,2020-12-04,935.0,938.0,910.0,914.0,155100.0,914.0
